include/raft_3_node.inc
Warnings:
Note	####	Sending passwords in plain text without SSL/TLS is extremely insecure.
Note	####	Storing MySQL user name or password information in the master info repository is not secure and is therefore not recommended. Please consider using the USER and PASSWORD connection options for START SLAVE; see the 'START SLAVE Syntax' in the MySQL Manual for more information.
Warnings:
Note	####	Sending passwords in plain text without SSL/TLS is extremely insecure.
Note	####	Storing MySQL user name or password information in the master info repository is not secure and is therefore not recommended. Please consider using the USER and PASSWORD connection options for START SLAVE; see the 'START SLAVE Syntax' in the MySQL Manual for more information.
[connection master]
include/rpl_connect.inc [creating server_4]
include/rpl_connect.inc [creating server_5]
RESET MASTER;
RESET SLAVE;
SET @@GLOBAL.ENABLE_RAFT_PLUGIN = 0;
CHANGE MASTER TO MASTER_HOST = '::1', MASTER_PORT = SERVER_MYPORT_1, MASTER_USER = 'root',  MASTER_CONNECT_RETRY = 1, MASTER_AUTO_POSITION = 1;
Warnings:
Note	1759	Sending passwords in plain text without SSL/TLS is extremely insecure.
Note	1760	Storing MySQL user name or password information in the master info repository is not secure and is therefore not recommended. Please consider using the USER and PASSWORD connection options for START SLAVE; see the 'START SLAVE Syntax' in the MySQL Manual for more information.
START SLAVE;
RESET MASTER;
RESET SLAVE;
SET @@GLOBAL.ENABLE_RAFT_PLUGIN = 0;
CHANGE MASTER TO MASTER_HOST = '::1', MASTER_PORT = SERVER_MYPORT_2, MASTER_USER = 'root',  MASTER_CONNECT_RETRY = 1, MASTER_AUTO_POSITION = 1;
Warnings:
Note	1759	Sending passwords in plain text without SSL/TLS is extremely insecure.
Note	1760	Storing MySQL user name or password information in the master info repository is not secure and is therefore not recommended. Please consider using the USER and PASSWORD connection options for START SLAVE; see the 'START SLAVE Syntax' in the MySQL Manual for more information.
START SLAVE;
show status like 'rpl_raft_role';
Variable_name	Value
Rpl_raft_role	LEADER
show status like 'rpl_raft_role';
Variable_name	Value
Rpl_raft_role	FOLLOWER
show status like 'rpl_raft_role';
Variable_name	Value
Rpl_raft_role	FOLLOWER
show status like 'rpl_raft_role';
Variable_name	Value
Rpl_raft_role	
show status like 'rpl_raft_role';
Variable_name	Value
Rpl_raft_role	
create table t1 (a int primary key) engine = innodb;
include/sync_slave_sql_with_master.inc
include/sync_slave_sql_with_master.inc
include/sync_slave_sql_with_master.inc
include/sync_slave_sql_with_master.inc
SELECT "LOGNAME" LIKE "binary-logs%";
"LOGNAME" LIKE "binary-logs%"
1
SELECT "LOGNAME" LIKE "binary-logs%";
"LOGNAME" LIKE "binary-logs%"
1
insert into t1 values(1);
include/sync_slave_sql_with_master.inc
include/sync_slave_sql_with_master.inc
include/sync_slave_sql_with_master.inc
include/sync_slave_sql_with_master.inc
select * from t1;
a
1
select * from t1;
a
1
select * from t1;
a
1
select * from t1;
a
1
include/raft_promote_to_leader.inc
insert into t1 values(2);
insert into t1 values(3);
insert into t1 values(4);
include/sync_slave_sql_with_master.inc
include/sync_slave_sql_with_master.inc
include/sync_slave_sql_with_master.inc
include/sync_slave_sql_with_master.inc
select * from t1;
a
1
2
3
4
select * from t1;
a
1
2
3
4
select * from t1;
a
1
2
3
4
select * from t1;
a
1
2
3
4
SELECT "LOGNAME" LIKE "binary-logs%";
"LOGNAME" LIKE "binary-logs%"
1
SELECT "LOGNAME" LIKE "binary-logs%";
"LOGNAME" LIKE "binary-logs%"
1
include/raft_promote_to_leader.inc
flush binary logs;
insert into t1 values(5);
include/sync_slave_sql_with_master.inc
include/sync_slave_sql_with_master.inc
include/sync_slave_sql_with_master.inc
include/sync_slave_sql_with_master.inc
select * from t1;
a
1
2
3
4
5
select * from t1;
a
1
2
3
4
5
select * from t1;
a
1
2
3
4
5
select * from t1;
a
1
2
3
4
5
set @@global.debug='+d,dump_wait_before_find_next_log';
insert into t1 values(6);
insert into t1 values(7);
flush binary logs;
insert into t1 values(8);
insert into t1 values(9);
flush binary logs;
insert into t1 values(10);
insert into t1 values(11);
set debug_sync= 'now wait_for signal.reached';
purge raft logs to 'LOGNAME';
set debug_sync= 'now signal signal.done';
set @@global.debug='-d,dump_wait_before_find_next_log';
include/sync_slave_sql_with_master.inc
include/sync_slave_sql_with_master.inc
include/sync_slave_sql_with_master.inc
include/sync_slave_sql_with_master.inc
select * from t1;
a
1
2
3
4
5
6
7
8
9
10
11
select * from t1;
a
1
2
3
4
5
6
7
8
9
10
11
select * from t1;
a
1
2
3
4
5
6
7
8
9
10
11
select * from t1;
a
1
2
3
4
5
6
7
8
9
10
11
include/stop_slave.inc
include/rpl_restart_server.inc [server_number=2]
include/rpl_restart_server.inc [server_number=1]
include/raft_promote_to_leader.inc
START SLAVE IO_THREAD;
START SLAVE IO_THREAD;
insert into t1 values(12);
include/sync_slave_sql_with_master.inc
include/sync_slave_sql_with_master.inc
include/sync_slave_sql_with_master.inc
include/sync_slave_sql_with_master.inc
select * from t1;
a
1
2
3
4
5
6
7
8
9
10
11
12
select * from t1;
a
1
2
3
4
5
6
7
8
9
10
11
12
select * from t1;
a
1
2
3
4
5
6
7
8
9
10
11
12
select * from t1;
a
1
2
3
4
5
6
7
8
9
10
11
12
drop table t1;
include/sync_slave_sql_with_master.inc
include/sync_slave_sql_with_master.inc
include/sync_slave_sql_with_master.inc
include/sync_slave_sql_with_master.inc
stop slave;
reset slave all;
stop slave;
reset slave all;
include/rpl_end.inc
