include/raft_3_node.inc
Warnings:
Note	####	Sending passwords in plain text without SSL/TLS is extremely insecure.
Note	####	Storing MySQL user name or password information in the master info repository is not secure and is therefore not recommended. Please consider using the USER and PASSWORD connection options for START SLAVE; see the 'START SLAVE Syntax' in the MySQL Manual for more information.
Warnings:
Note	####	Sending passwords in plain text without SSL/TLS is extremely insecure.
Note	####	Storing MySQL user name or password information in the master info repository is not secure and is therefore not recommended. Please consider using the USER and PASSWORD connection options for START SLAVE; see the 'START SLAVE Syntax' in the MySQL Manual for more information.
[connection master]
include/rpl_connect.inc [creating server_4]
include/rpl_connect.inc [creating server_5]
show status like 'rpl_raft_role';
Variable_name	Value
Rpl_raft_role	LEADER
show status like 'rpl_raft_role';
Variable_name	Value
Rpl_raft_role	FOLLOWER
reset master;
show status like 'rpl_raft_role';
Variable_name	Value
Rpl_raft_role	FOLLOWER
reset master;
create table t1 (a int primary key) engine = innodb;
insert into t1 values(1);
insert into t1 values(2);
include/sync_slave_sql_with_master.inc
include/sync_slave_sql_with_master.inc
select * from t1;
a
1
2
select * from t1;
a
1
2
select sleep(10);
sleep(10)
0
"raft file: binary-logs-13001.000002"
"raft file pos: 1133"
"Restarting server_2"
include/rpl_restart_server.inc [server_number=2]
start replica sql_thread;
Warnings:
Note	3083	Replication thread(s) for channel '' are already runnning.
insert into t1 values(3);
insert into t1 values(4);
insert into t1 values(5);
insert into t1 values(6);
insert into t1 values(7);
insert into t1 values(8);
insert into t1 values(9);
insert into t1 values(10);
insert into t1 values(11);
insert into t1 values(12);
include/sync_slave_sql_with_master.inc
include/sync_slave_sql_with_master.inc
select * from t1;
a
1
2
3
4
5
6
7
8
9
10
11
12
select * from t1;
a
1
2
3
4
5
6
7
8
9
10
11
12
drop table t1;
include/sync_slave_sql_with_master.inc
include/sync_slave_sql_with_master.inc
include/rpl_end.inc
