CREATE TABLE test.v1 (a int, b int);
INSERT INTO test.v1 VALUES (1, 100), (2, 200), (3, 300);
CREATE TABLE test.t1 (a int, b int);
INSERT INTO test.t1 VALUES (1, 100), (2, 200), (3, 300);
ANALYZE TABLE v1, t1;
Table	Op	Msg_type	Msg_text
test.v1	analyze	status	OK
test.t1	analyze	status	OK
TRUNCATE TABLE performance_schema.events_statements_summary_by_digest;
EXPLAIN SELECT * from test.v1;
id	select_type	table	partitions	type	possible_keys	key	key_len	ref	rows	filtered	Extra
1	SIMPLE	v1	NULL	ALL	NULL	NULL	NULL	NULL	3	100.00	NULL
EXPLAIN SELECT * from test.v1 where a = 1;
id	select_type	table	partitions	type	possible_keys	key	key_len	ref	rows	filtered	Extra
1	SIMPLE	v1	NULL	ALL	NULL	NULL	NULL	NULL	3	33.33	Using where
EXPLAIN SELECT * from test.v1 where b > 100;
id	select_type	table	partitions	type	possible_keys	key	key_len	ref	rows	filtered	Extra
1	SIMPLE	v1	NULL	ALL	NULL	NULL	NULL	NULL	3	33.33	Using where
EXPLAIN SELECT a, b from test.v1;
id	select_type	table	partitions	type	possible_keys	key	key_len	ref	rows	filtered	Extra
1	SIMPLE	v1	NULL	ALL	NULL	NULL	NULL	NULL	3	100.00	NULL
EXPLAIN SELECT b, a from test.v1;
id	select_type	table	partitions	type	possible_keys	key	key_len	ref	rows	filtered	Extra
1	SIMPLE	v1	NULL	ALL	NULL	NULL	NULL	NULL	3	100.00	NULL
SELECT * from test.v1;
a	b
1	100
2	200
3	300
SELECT * from test.v1 where a = 1;
a	b
1	100
SELECT * from test.v1 where b > 100;
a	b
2	200
3	300
SELECT a, b from test.v1;
a	b
1	100
2	200
3	300
SELECT b, a from test.v1;
b	a
100	1
200	2
300	3
#
# DIGESTS SEEN ON TABLE
#
SELECT SCHEMA_NAME, DIGEST, DIGEST_TEXT, COUNT_STAR, QUERY_SAMPLE_TEXT
FROM performance_schema.events_statements_summary_by_digest
ORDER BY DIGEST_TEXT;
SCHEMA_NAME	DIGEST	DIGEST_TEXT	COUNT_STAR	QUERY_SAMPLE_TEXT
test	a3b0cb33651a5ffe34db3b2e375030dd	EXPLAIN SELECT * FROM `test` . `v1`	1	EXPLAIN SELECT * from test.v1
test	9405a536683940e726bda633575459e4	EXPLAIN SELECT * FROM `test` . `v1` WHERE `a` = ?	1	EXPLAIN SELECT * from test.v1 where a = 1
test	b38d33b20dfa86b5ab8c98bd50a328d6	EXPLAIN SELECT * FROM `test` . `v1` WHERE `b` > ?	1	EXPLAIN SELECT * from test.v1 where b > 100
test	4f05f270cf75ea8cfa476d1abc85e954	EXPLAIN SELECT `a` , `b` FROM `test` . `v1`	1	EXPLAIN SELECT a, b from test.v1
test	504dce90982c5033bb14133e2a533f75	EXPLAIN SELECT `b` , `a` FROM `test` . `v1`	1	EXPLAIN SELECT b, a from test.v1
test	6dc8e7dbb8af38206ecf4b0406c8b64d	SELECT * FROM `test` . `v1`	1	SELECT * from test.v1
test	7b9817b376b5c5765bf299ecdad4e60d	SELECT * FROM `test` . `v1` WHERE `a` = ?	1	SELECT * from test.v1 where a = 1
test	18949635a9e0f41ebe265718a5de49a2	SELECT * FROM `test` . `v1` WHERE `b` > ?	1	SELECT * from test.v1 where b > 100
test	6c4eff0aac7835d82b7d627e51fa8e7a	SELECT `a` , `b` FROM `test` . `v1`	1	SELECT a, b from test.v1
test	3460a78a29a1596a57698dd3716dbdc3	SELECT `b` , `a` FROM `test` . `v1`	1	SELECT b, a from test.v1
test	e6628a0d51a41865a2ac8de78a8be09d	TRUNCATE TABLE `performance_schema` . `events_statements_summary_by_digest`	1	TRUNCATE TABLE performance_schema.events_statements_summary_by_digest
DROP TABLE test.v1;
CREATE VIEW test.v1 AS SELECT * FROM test.t1;
EXPLAIN SELECT * from test.v1;
id	select_type	table	partitions	type	possible_keys	key	key_len	ref	rows	filtered	Extra
1	SIMPLE	t1	NULL	ALL	NULL	NULL	NULL	NULL	3	100.00	NULL
EXPLAIN SELECT * from test.v1 where a = 1;
id	select_type	table	partitions	type	possible_keys	key	key_len	ref	rows	filtered	Extra
1	SIMPLE	t1	NULL	ALL	NULL	NULL	NULL	NULL	3	33.33	Using where
EXPLAIN SELECT * from test.v1 where b > 100;
id	select_type	table	partitions	type	possible_keys	key	key_len	ref	rows	filtered	Extra
1	SIMPLE	t1	NULL	ALL	NULL	NULL	NULL	NULL	3	33.33	Using where
EXPLAIN SELECT a, b from test.v1;
id	select_type	table	partitions	type	possible_keys	key	key_len	ref	rows	filtered	Extra
1	SIMPLE	t1	NULL	ALL	NULL	NULL	NULL	NULL	3	100.00	NULL
EXPLAIN SELECT b, a from test.v1;
id	select_type	table	partitions	type	possible_keys	key	key_len	ref	rows	filtered	Extra
1	SIMPLE	t1	NULL	ALL	NULL	NULL	NULL	NULL	3	100.00	NULL
SELECT * from test.v1;
a	b
1	100
2	200
3	300
SELECT * from test.v1 where a = 1;
a	b
1	100
SELECT * from test.v1 where b > 100;
a	b
2	200
3	300
SELECT a, b from test.v1;
a	b
1	100
2	200
3	300
SELECT b, a from test.v1;
b	a
100	1
200	2
300	3
#
# DIGESTS SEEN ON VIEW
#
SELECT SCHEMA_NAME, DIGEST, DIGEST_TEXT, COUNT_STAR, QUERY_SAMPLE_TEXT
FROM performance_schema.events_statements_summary_by_digest
ORDER BY DIGEST_TEXT;
SCHEMA_NAME	DIGEST	DIGEST_TEXT	COUNT_STAR	QUERY_SAMPLE_TEXT
test	6c1fba06271833c6ce96487193e57e06	CREATE VIEW `test` . `v1` AS SELECT * FROM `test` . `t1`	1	CREATE VIEW test.v1 AS SELECT * FROM test.t1
test	bc0c77ac76d65820ba0b1c136757725e	DROP TABLE `test` . `v1`	1	DROP TABLE test.v1
test	a3b0cb33651a5ffe34db3b2e375030dd	EXPLAIN SELECT * FROM `test` . `v1`	2	EXPLAIN SELECT * from test.v1
test	9405a536683940e726bda633575459e4	EXPLAIN SELECT * FROM `test` . `v1` WHERE `a` = ?	2	EXPLAIN SELECT * from test.v1 where a = 1
test	b38d33b20dfa86b5ab8c98bd50a328d6	EXPLAIN SELECT * FROM `test` . `v1` WHERE `b` > ?	2	EXPLAIN SELECT * from test.v1 where b > 100
test	4f05f270cf75ea8cfa476d1abc85e954	EXPLAIN SELECT `a` , `b` FROM `test` . `v1`	2	EXPLAIN SELECT a, b from test.v1
test	504dce90982c5033bb14133e2a533f75	EXPLAIN SELECT `b` , `a` FROM `test` . `v1`	2	EXPLAIN SELECT b, a from test.v1
test	6dc8e7dbb8af38206ecf4b0406c8b64d	SELECT * FROM `test` . `v1`	2	SELECT * from test.v1
test	7b9817b376b5c5765bf299ecdad4e60d	SELECT * FROM `test` . `v1` WHERE `a` = ?	2	SELECT * from test.v1 where a = 1
test	18949635a9e0f41ebe265718a5de49a2	SELECT * FROM `test` . `v1` WHERE `b` > ?	2	SELECT * from test.v1 where b > 100
test	6c4eff0aac7835d82b7d627e51fa8e7a	SELECT `a` , `b` FROM `test` . `v1`	2	SELECT a, b from test.v1
test	3460a78a29a1596a57698dd3716dbdc3	SELECT `b` , `a` FROM `test` . `v1`	2	SELECT b, a from test.v1
test	64e27217ca1456679cde00d15b71c9ba	SELECT SCHEMA_NAME , `DIGEST` , `DIGEST_TEXT` , `COUNT_STAR` , `QUERY_SAMPLE_TEXT` FROM `performance_schema` . `events_statements_summary_by_digest` ORDER BY `DIGEST_TEXT`	1	SELECT SCHEMA_NAME, DIGEST, DIGEST_TEXT, COUNT_STAR, QUERY_SAMPLE_TEXT
FROM performance_schema.events_statements_summary_by_digest
ORDER BY DIGEST_TEXT
test	e6628a0d51a41865a2ac8de78a8be09d	TRUNCATE TABLE `performance_schema` . `events_statements_summary_by_digest`	1	TRUNCATE TABLE performance_schema.events_statements_summary_by_digest
DROP VIEW test.v1;
DROP TABLE test.t1;
