##
## Using the system variable high_priority_ddl"
##
create user test_user1@localhost;
grant all on test to test_user1@localhost;
create user test_user2@localhost;
grant all on test to test_user2@localhost;

## Test parameters:
## con_block         = con1
## con_kill          = default
## cmd               = alter table t1 modify i bigint;
## should_kill       = 1
## recreate_table    = 1
## throw_error       = 1

drop table if exists t1;
create table t1 (i int);
show create table t1;
Table	Create Table
t1	CREATE TABLE `t1` (
  `i` int DEFAULT NULL
) ENGINE=InnoDB DEFAULT CHARSET=utf8mb4 COLLATE=utf8mb4_0900_ai_ci
insert into t1 values (1), (2), (3);
connection: con1
lock tables t1 read;;
connection: default
set lock_wait_timeout = 0.02;
set high_priority_lock_wait_timeout = 0.02;
describe t1;
Field	Type	Null	Key	Default	Extra
i	int	YES		NULL	
connection: default (for show processlist)
# both con1 and default exists
show processlist;
Id	User	Host	db	Command	Time	State	Info
#	event_scheduler	#	NULL	#	#	#	#
#	root	#	test	#	#	#	#
#	test_user1	#	test	#	#	#	#
Warnings:
#	1287	#
connection: default
alter table t1 modify i bigint;;
ERROR HY000: Lock wait timeout exceeded; try restarting transaction: Timeout on table metadata: test.t1
set high_priority_ddl = 1;
select @@high_priority_ddl;
@@high_priority_ddl
1
rename table t1 to t2;
ERROR HY000: Lock wait timeout exceeded; try restarting transaction: Timeout on table metadata: test.t1
alter table t1 modify i bigint;;
set high_priority_ddl = 0;
connection: default (for show processlist)
show processlist;
Id	User	Host	db	Command	Time	State	Info
#	event_scheduler	#	NULL	#	#	#	#
#	root	#	test	#	#	#	#
Warnings:
#	1287	#

## Test parameters:
## con_block         = con1
## con_kill          = default
## cmd               = alter table t1 rename t1_new;
## should_kill       = 1
## recreate_table    = 1
## throw_error       = 1

drop table if exists t1;
create table t1 (i int);
show create table t1;
Table	Create Table
t1	CREATE TABLE `t1` (
  `i` int DEFAULT NULL
) ENGINE=InnoDB DEFAULT CHARSET=utf8mb4 COLLATE=utf8mb4_0900_ai_ci
insert into t1 values (1), (2), (3);
connection: con1
begin; insert into t1 values (4); select i from t1;;
i
1
2
3
4
connection: default
set lock_wait_timeout = 0.02;
set high_priority_lock_wait_timeout = 0.02;
describe t1;
Field	Type	Null	Key	Default	Extra
i	int	YES		NULL	
connection: default (for show processlist)
# both con1 and default exists
show processlist;
Id	User	Host	db	Command	Time	State	Info
#	event_scheduler	#	NULL	#	#	#	#
#	root	#	test	#	#	#	#
#	test_user1	#	test	#	#	#	#
Warnings:
#	1287	#
connection: default
alter table t1 rename t1_new;;
ERROR HY000: Lock wait timeout exceeded; try restarting transaction: Timeout on table metadata: test.t1
set high_priority_ddl = 1;
select @@high_priority_ddl;
@@high_priority_ddl
1
rename table t1 to t2;
ERROR HY000: Lock wait timeout exceeded; try restarting transaction: Timeout on table metadata: test.t1
alter table t1 rename t1_new;;
set high_priority_ddl = 0;
connection: default (for show processlist)
show processlist;
Id	User	Host	db	Command	Time	State	Info
#	event_scheduler	#	NULL	#	#	#	#
#	root	#	test	#	#	#	#
Warnings:
#	1287	#
select * from t1_new;
i
1
2
3
drop table t1_new;

## Test parameters:
## con_block         = con1
## con_kill          = default
## cmd               = drop table t1;
## should_kill       = 0
## recreate_table    = 1
## throw_error       = 1

drop table if exists t1;
create table t1 (i int);
show create table t1;
Table	Create Table
t1	CREATE TABLE `t1` (
  `i` int DEFAULT NULL
) ENGINE=InnoDB DEFAULT CHARSET=utf8mb4 COLLATE=utf8mb4_0900_ai_ci
insert into t1 values (1), (2), (3);
connection: con1
lock tables t1 write;;
connection: default
set lock_wait_timeout = 0.02;
set high_priority_lock_wait_timeout = 0.02;
describe t1;
Field	Type	Null	Key	Default	Extra
i	int	YES		NULL	
connection: default (for show processlist)
# both con1 and default exists
show processlist;
Id	User	Host	db	Command	Time	State	Info
#	event_scheduler	#	NULL	#	#	#	#
#	root	#	test	#	#	#	#
#	test_user1	#	test	#	#	#	#
Warnings:
#	1287	#
connection: default
drop table t1;;
ERROR HY000: Lock wait timeout exceeded; try restarting transaction: Timeout on table metadata: test.t1
set high_priority_ddl = 1;
select @@high_priority_ddl;
@@high_priority_ddl
1
rename table t1 to t2;
ERROR HY000: Lock wait timeout exceeded; try restarting transaction: Timeout on table metadata: test.t1
drop table t1;;
ERROR HY000: Lock wait timeout exceeded; try restarting transaction: Timeout on table metadata: test.t1
set high_priority_ddl = 0;
connection: default (for show processlist)
show processlist;
Id	User	Host	db	Command	Time	State	Info
#	event_scheduler	#	NULL	#	#	#	#
#	root	#	test	#	#	#	#
#	test_user1	#	test	#	#	#	#
Warnings:
#	1287	#

## Test parameters:
## con_block         = con1
## con_kill          = default
## cmd               = drop table t1;
## should_kill       = 1
## recreate_table    = 1
## throw_error       = 1

drop table if exists t1;
create table t1 (i int);
show create table t1;
Table	Create Table
t1	CREATE TABLE `t1` (
  `i` int DEFAULT NULL
) ENGINE=InnoDB DEFAULT CHARSET=utf8mb4 COLLATE=utf8mb4_0900_ai_ci
insert into t1 values (1), (2), (3);
connection: con1
lock tables t1 read; begin; insert into t1 values (4);;
connection: default
set lock_wait_timeout = 0.02;
set high_priority_lock_wait_timeout = 0.02;
describe t1;
Field	Type	Null	Key	Default	Extra
i	int	YES		NULL	
connection: default (for show processlist)
# both con1 and default exists
show processlist;
Id	User	Host	db	Command	Time	State	Info
#	event_scheduler	#	NULL	#	#	#	#
#	root	#	test	#	#	#	#
#	test_user1	#	test	#	#	#	#
Warnings:
#	1287	#
connection: default
drop table t1;;
ERROR HY000: Lock wait timeout exceeded; try restarting transaction: Timeout on table metadata: test.t1
set high_priority_ddl = 1;
select @@high_priority_ddl;
@@high_priority_ddl
1
rename table t1 to t2;
ERROR HY000: Lock wait timeout exceeded; try restarting transaction: Timeout on table metadata: test.t1
drop table t1;;
set high_priority_ddl = 0;
connection: default (for show processlist)
show processlist;
Id	User	Host	db	Command	Time	State	Info
#	event_scheduler	#	NULL	#	#	#	#
#	root	#	test	#	#	#	#
Warnings:
#	1287	#

## Test parameters:
## con_block         = con1
## con_kill          = con2
## cmd               = alter table t1 modify i bigint;
## should_kill       = 0
## recreate_table    = 1
## throw_error       = 1

drop table if exists t1;
create table t1 (i int);
show create table t1;
Table	Create Table
t1	CREATE TABLE `t1` (
  `i` int DEFAULT NULL
) ENGINE=InnoDB DEFAULT CHARSET=utf8mb4 COLLATE=utf8mb4_0900_ai_ci
insert into t1 values (1), (2), (3);
connection: con1
lock tables t1 read;;
connection: con2
set lock_wait_timeout = 0.02;
set high_priority_lock_wait_timeout = 0.02;
describe t1;
Field	Type	Null	Key	Default	Extra
i	int	YES		NULL	
connection: default (for show processlist)
# both con1 and con2 exists
show processlist;
Id	User	Host	db	Command	Time	State	Info
#	event_scheduler	#	NULL	#	#	#	#
#	root	#	test	#	#	#	#
#	test_user2	#	test	#	#	#	#
#	test_user1	#	test	#	#	#	#
Warnings:
#	1287	#
connection: con2
alter table t1 modify i bigint;;
ERROR HY000: Lock wait timeout exceeded; try restarting transaction: Timeout on table metadata: test.t1
set high_priority_ddl = 1;
select @@high_priority_ddl;
@@high_priority_ddl
1
rename table t1 to t2;
ERROR HY000: Lock wait timeout exceeded; try restarting transaction: Timeout on table metadata: test.t1
alter table t1 modify i bigint;;
ERROR HY000: Lock wait timeout exceeded; try restarting transaction: Timeout on table metadata: test.t1
set high_priority_ddl = 0;
connection: default (for show processlist)
show processlist;
Id	User	Host	db	Command	Time	State	Info
#	event_scheduler	#	NULL	#	#	#	#
#	root	#	test	#	#	#	#
#	test_user2	#	test	#	#	#	#
#	test_user1	#	test	#	#	#	#
Warnings:
#	1287	#

## Test parameters:
## con_block         = con1
## con_kill          = default
## cmd               = create index idx1 on t1 (i);
## should_kill       = 1
## recreate_table    = 1
## throw_error       = 1

drop table if exists t1;
create table t1 (i int);
show create table t1;
Table	Create Table
t1	CREATE TABLE `t1` (
  `i` int DEFAULT NULL
) ENGINE=InnoDB DEFAULT CHARSET=utf8mb4 COLLATE=utf8mb4_0900_ai_ci
insert into t1 values (1), (2), (3);
connection: con1
lock tables t1 read;;
connection: default
set lock_wait_timeout = 0.02;
set high_priority_lock_wait_timeout = 0.02;
describe t1;
Field	Type	Null	Key	Default	Extra
i	int	YES		NULL	
connection: default (for show processlist)
# both con1 and default exists
show processlist;
Id	User	Host	db	Command	Time	State	Info
#	event_scheduler	#	NULL	#	#	#	#
#	root	#	test	#	#	#	#
#	test_user1	#	test	#	#	#	#
Warnings:
#	1287	#
connection: default
create index idx1 on t1 (i);;
ERROR HY000: Lock wait timeout exceeded; try restarting transaction: Timeout on table metadata: test.t1
set high_priority_ddl = 1;
select @@high_priority_ddl;
@@high_priority_ddl
1
rename table t1 to t2;
ERROR HY000: Lock wait timeout exceeded; try restarting transaction: Timeout on table metadata: test.t1
create index idx1 on t1 (i);;
set high_priority_ddl = 0;
connection: default (for show processlist)
show processlist;
Id	User	Host	db	Command	Time	State	Info
#	event_scheduler	#	NULL	#	#	#	#
#	root	#	test	#	#	#	#
Warnings:
#	1287	#

## Test parameters:
## con_block         = con1
## con_kill          = default
## cmd               = drop index idx1 on t1;
## should_kill       = 1
## recreate_table    = 0
## throw_error       = 1

connection: con1
lock tables t1 read;;
connection: default
set lock_wait_timeout = 0.02;
set high_priority_lock_wait_timeout = 0.02;
describe t1;
Field	Type	Null	Key	Default	Extra
i	int	YES	MUL	NULL	
connection: default (for show processlist)
# both con1 and default exists
show processlist;
Id	User	Host	db	Command	Time	State	Info
#	event_scheduler	#	NULL	#	#	#	#
#	root	#	test	#	#	#	#
#	test_user1	#	test	#	#	#	#
Warnings:
#	1287	#
connection: default
drop index idx1 on t1;;
ERROR HY000: Lock wait timeout exceeded; try restarting transaction: Timeout on table metadata: test.t1
set high_priority_ddl = 1;
select @@high_priority_ddl;
@@high_priority_ddl
1
rename table t1 to t2;
ERROR HY000: Lock wait timeout exceeded; try restarting transaction: Timeout on table metadata: test.t1
drop index idx1 on t1;;
set high_priority_ddl = 0;
connection: default (for show processlist)
show processlist;
Id	User	Host	db	Command	Time	State	Info
#	event_scheduler	#	NULL	#	#	#	#
#	root	#	test	#	#	#	#
Warnings:
#	1287	#

## Test parameters:
## con_block         = con1
## con_kill          = default
## cmd               = truncate t1;
## should_kill       = 1
## recreate_table    = 1
## throw_error       = 1

drop table if exists t1;
create table t1 (i int);
show create table t1;
Table	Create Table
t1	CREATE TABLE `t1` (
  `i` int DEFAULT NULL
) ENGINE=InnoDB DEFAULT CHARSET=utf8mb4 COLLATE=utf8mb4_0900_ai_ci
insert into t1 values (1), (2), (3);
connection: con1
lock tables t1 read;;
connection: default
set lock_wait_timeout = 0.02;
set high_priority_lock_wait_timeout = 0.02;
describe t1;
Field	Type	Null	Key	Default	Extra
i	int	YES		NULL	
connection: default (for show processlist)
# both con1 and default exists
show processlist;
Id	User	Host	db	Command	Time	State	Info
#	event_scheduler	#	NULL	#	#	#	#
#	root	#	test	#	#	#	#
#	test_user1	#	test	#	#	#	#
Warnings:
#	1287	#
connection: default
truncate t1;;
ERROR HY000: Lock wait timeout exceeded; try restarting transaction: Timeout on table metadata: test.t1
set high_priority_ddl = 1;
select @@high_priority_ddl;
@@high_priority_ddl
1
rename table t1 to t2;
ERROR HY000: Lock wait timeout exceeded; try restarting transaction: Timeout on table metadata: test.t1
truncate t1;;
set high_priority_ddl = 0;
connection: default (for show processlist)
show processlist;
Id	User	Host	db	Command	Time	State	Info
#	event_scheduler	#	NULL	#	#	#	#
#	root	#	test	#	#	#	#
Warnings:
#	1287	#

## Test parameters:
## con_block         = con1
## con_kill          = default
## cmd               = create trigger ins_sum before insert on t1
for each row set @sum = @sum + new.i
## should_kill       = 1
## recreate_table    = 1
## throw_error       = 1

drop table if exists t1;
create table t1 (i int);
show create table t1;
Table	Create Table
t1	CREATE TABLE `t1` (
  `i` int DEFAULT NULL
) ENGINE=InnoDB DEFAULT CHARSET=utf8mb4 COLLATE=utf8mb4_0900_ai_ci
insert into t1 values (1), (2), (3);
connection: con1
lock tables t1 read;;
connection: default
set lock_wait_timeout = 0.02;
set high_priority_lock_wait_timeout = 0.02;
describe t1;
Field	Type	Null	Key	Default	Extra
i	int	YES		NULL	
connection: default (for show processlist)
# both con1 and default exists
show processlist;
Id	User	Host	db	Command	Time	State	Info
#	event_scheduler	#	NULL	#	#	#	#
#	root	#	test	#	#	#	#
#	test_user1	#	test	#	#	#	#
Warnings:
#	1287	#
connection: default
create trigger ins_sum before insert on t1
for each row set @sum = @sum + new.i;
ERROR HY000: Lock wait timeout exceeded; try restarting transaction: Timeout on table metadata: test.t1
set high_priority_ddl = 1;
select @@high_priority_ddl;
@@high_priority_ddl
1
rename table t1 to t2;
ERROR HY000: Lock wait timeout exceeded; try restarting transaction: Timeout on table metadata: test.t1
create trigger ins_sum before insert on t1
for each row set @sum = @sum + new.i;
set high_priority_ddl = 0;
connection: default (for show processlist)
show processlist;
Id	User	Host	db	Command	Time	State	Info
#	event_scheduler	#	NULL	#	#	#	#
#	root	#	test	#	#	#	#
Warnings:
#	1287	#

## Test parameters:
## con_block         = con1
## con_kill          = default
## cmd               = drop trigger ins_sum;
## should_kill       = 1
## recreate_table    = 0
## throw_error       = 1

connection: con1
lock tables t1 read;;
connection: default
set lock_wait_timeout = 0.02;
set high_priority_lock_wait_timeout = 0.02;
describe t1;
Field	Type	Null	Key	Default	Extra
i	int	YES		NULL	
connection: default (for show processlist)
# both con1 and default exists
show processlist;
Id	User	Host	db	Command	Time	State	Info
#	event_scheduler	#	NULL	#	#	#	#
#	root	#	test	#	#	#	#
#	test_user1	#	test	#	#	#	#
Warnings:
#	1287	#
connection: default
drop trigger ins_sum;;
ERROR HY000: Lock wait timeout exceeded; try restarting transaction: Timeout on table metadata: test.t1
set high_priority_ddl = 1;
select @@high_priority_ddl;
@@high_priority_ddl
1
rename table t1 to t2;
ERROR HY000: Lock wait timeout exceeded; try restarting transaction: Timeout on table metadata: test.t1
drop trigger ins_sum;;
set high_priority_ddl = 0;
connection: default (for show processlist)
show processlist;
Id	User	Host	db	Command	Time	State	Info
#	event_scheduler	#	NULL	#	#	#	#
#	root	#	test	#	#	#	#
Warnings:
#	1287	#

## Test parameters:
## con_block         = con1
## con_kill          = default
## cmd               = optimize table t1;
## should_kill       = 1
## recreate_table    = 1
## throw_error       = 0

drop table if exists t1;
create table t1 (i int);
show create table t1;
Table	Create Table
t1	CREATE TABLE `t1` (
  `i` int DEFAULT NULL
) ENGINE=InnoDB DEFAULT CHARSET=utf8mb4 COLLATE=utf8mb4_0900_ai_ci
insert into t1 values (1), (2), (3);
connection: con1
lock tables t1 read;;
connection: default
set lock_wait_timeout = 0.02;
set high_priority_lock_wait_timeout = 0.02;
describe t1;
Field	Type	Null	Key	Default	Extra
i	int	YES		NULL	
connection: default (for show processlist)
# both con1 and default exists
show processlist;
Id	User	Host	db	Command	Time	State	Info
#	event_scheduler	#	NULL	#	#	#	#
#	root	#	test	#	#	#	#
#	test_user1	#	test	#	#	#	#
Warnings:
#	1287	#
connection: default
optimize table t1;;
Table	Op	Msg_type	Msg_text
test.t1	optimize	Error	Lock wait timeout exceeded; try restarting transaction: Timeout on table metadata: test.t1
test.t1	optimize	status	Operation failed
set high_priority_ddl = 1;
select @@high_priority_ddl;
@@high_priority_ddl
1
rename table t1 to t2;
ERROR HY000: Lock wait timeout exceeded; try restarting transaction: Timeout on table metadata: test.t1
optimize table t1;;
Table	Op	Msg_type	Msg_text
test.t1	optimize	note	Table does not support optimize, doing recreate + analyze instead
test.t1	optimize	status	OK
set high_priority_ddl = 0;
connection: default (for show processlist)
show processlist;
Id	User	Host	db	Command	Time	State	Info
#	event_scheduler	#	NULL	#	#	#	#
#	root	#	test	#	#	#	#
Warnings:
#	1287	#

## Test parameters:
## con_block         = con1
## con_kill          = default
## cmd               = lock tables t1 write;
## should_kill       = 1
## recreate_table    = 1
## throw_error       = 1

drop table if exists t1;
create table t1 (i int);
show create table t1;
Table	Create Table
t1	CREATE TABLE `t1` (
  `i` int DEFAULT NULL
) ENGINE=InnoDB DEFAULT CHARSET=utf8mb4 COLLATE=utf8mb4_0900_ai_ci
insert into t1 values (1), (2), (3);
connection: con1
lock tables t1 read;;
connection: default
set lock_wait_timeout = 0.02;
set high_priority_lock_wait_timeout = 0.02;
describe t1;
Field	Type	Null	Key	Default	Extra
i	int	YES		NULL	
connection: default (for show processlist)
# both con1 and default exists
show processlist;
Id	User	Host	db	Command	Time	State	Info
#	event_scheduler	#	NULL	#	#	#	#
#	root	#	test	#	#	#	#
#	test_user1	#	test	#	#	#	#
Warnings:
#	1287	#
connection: default
lock tables t1 write;;
ERROR HY000: Lock wait timeout exceeded; try restarting transaction: Timeout on table metadata: test.t1
set high_priority_ddl = 1;
select @@high_priority_ddl;
@@high_priority_ddl
1
rename table t1 to t2;
ERROR HY000: Lock wait timeout exceeded; try restarting transaction: Timeout on table metadata: test.t1
lock tables t1 write;;
set high_priority_ddl = 0;
connection: default (for show processlist)
show processlist;
Id	User	Host	db	Command	Time	State	Info
#	event_scheduler	#	NULL	#	#	#	#
#	root	#	test	#	#	#	#
Warnings:
#	1287	#
unlock tables;
drop user test_user1@localhost;
drop user test_user2@localhost;
drop table t1;
