create user user1@localhost  identified by 'u1';
grant alter, create, insert, select, drop on test.* to user1@localhost;
GRANT SELECT ON performance_schema.* TO user1@localhost;
create user user_super@localhost identified by 'su';
grant all on *.* to user_super@localhost with grant option;
-> Case 0: show the sql_findings definition
describe performance_schema.sql_findings;
Field	Type	Null	Key	Default	Extra
SQL_ID	varchar(64)	YES		NULL	
CODE	bigint unsigned	NO		NULL	
LEVEL	varchar(64)	YES		NULL	
MESSAGE	varchar(256)	YES		NULL	
QUERY_TEXT	varchar(1024)	YES		NULL	
COUNT	bigint unsigned	NO		NULL	
LAST_RECORDED	bigint unsigned	NO		NULL	
-> Case 1: sql findings is default (OFF_HARD)
select @@sql_findings_control;
@@sql_findings_control
OFF_HARD
set session sql_mode=NO_ENGINE_SUBSTITUTION;
create table t1 (c1 char(2) PRIMARY KEY, c2 int unsigned)
engine=myisam;
insert into t1 values('momo', -1);
Warnings:
Warning	1265	Data truncated for column 'c1' at row 1
Warning	1264	Out of range value for column 'c2' at row 1
select * from t1 where c1=1;
c1	c2
Warnings:
Warning	1292	Truncated incorrect DOUBLE value: 'mo'
-> no findings captured
select sql_id, code, message, query_text, count from performance_schema.sql_findings;
sql_id	code	message	query_text	count
-> Case 2: sql findings is ON
set @@GLOBAL.sql_findings_control=ON;
select @@sql_findings_control;
@@sql_findings_control
ON
set session sql_mode=NO_ENGINE_SUBSTITUTION;
create table t2 (c1 char(2) PRIMARY KEY, c2 int unsigned)
engine=myisam;
insert into t2 values('momo', -1);
select sql_id, code, message, query_text, count from performance_schema.sql_findings
order by sql_id, code, query_text;
sql_id	code	message	query_text	count
65b59820d51531cc40c26bc7a319eea8	1264	Out of range value for column 'c2' at row 1	insert into t2 values('momo', -1)	1
65b59820d51531cc40c26bc7a319eea8	1265	Data truncated for column 'c1' at row 1	insert into t2 values('momo', -1)	1
select * from t2 where c1=1;
c1	c2
select sql_id, code, message, query_text, count from performance_schema.sql_findings
order by sql_id, code, query_text;
sql_id	code	message	query_text	count
4cded6a1ee88e57c47e3eb9bd62b0401	1292	Truncated incorrect DOUBLE value: 'mo'	select * from t2 where c1=1	1
65b59820d51531cc40c26bc7a319eea8	1264	Out of range value for column 'c2' at row 1	insert into t2 values('momo', -1)	1
65b59820d51531cc40c26bc7a319eea8	1265	Data truncated for column 'c1' at row 1	insert into t2 values('momo', -1)	1
create table t3 (c1 char(2) PRIMARY KEY) collate latin1_danish_ci
engine=myisam;
insert into t3 values('zoro');
Warnings:
Warning	1265	Data truncated for column 'c1' at row 1
select sql_id, code, message, query_text, count from performance_schema.sql_findings
order by sql_id, code, query_text;
sql_id	code	message	query_text	count
4cded6a1ee88e57c47e3eb9bd62b0401	1292	Truncated incorrect DOUBLE value: 'mo'	select * from t2 where c1=1	1
65b59820d51531cc40c26bc7a319eea8	1264	Out of range value for column 'c2' at row 1	insert into t2 values('momo', -1)	1
65b59820d51531cc40c26bc7a319eea8	1265	Data truncated for column 'c1' at row 1	insert into t2 values('momo', -1)	1
cf9999cf55dcc15c7b9b44af8fd19567	1265	Data truncated for column 'c1' at row 1	insert into t3 values('zoro')	1
select * from t3 where c1=2;
c1
select sql_id, code, message, query_text, count from performance_schema.sql_findings
order by sql_id, code, query_text;
sql_id	code	message	query_text	count
4cded6a1ee88e57c47e3eb9bd62b0401	1292	Truncated incorrect DOUBLE value: 'mo'	select * from t2 where c1=1	1
65b59820d51531cc40c26bc7a319eea8	1264	Out of range value for column 'c2' at row 1	insert into t2 values('momo', -1)	1
65b59820d51531cc40c26bc7a319eea8	1265	Data truncated for column 'c1' at row 1	insert into t2 values('momo', -1)	1
7414ed901c65b07d3158174c30a9199f	1292	Truncated incorrect DOUBLE value: 'zo'	select * from t3 where c1=2	1
cf9999cf55dcc15c7b9b44af8fd19567	1265	Data truncated for column 'c1' at row 1	insert into t3 values('zoro')	1
-> Case 3: multi-query scenario
set session sql_mode=NO_ENGINE_SUBSTITUTION;
create table t4(c1 char(2) PRIMARY KEY)
engine=myisam;
insert into t4 values('case3');
commit;
select * from t4 where c1=1;
drop table t4;
||||
c1
select sql_id, code, message, query_text, count from performance_schema.sql_findings
order by sql_id, code, query_text;
sql_id	code	message	query_text	count
183ce38d3b8510e459f005ce4140ae85	1292	Truncated incorrect DOUBLE value: 'ca'	select * from t4 where c1=1;	1
4cded6a1ee88e57c47e3eb9bd62b0401	1292	Truncated incorrect DOUBLE value: 'mo'	select * from t2 where c1=1	1
643317334990228a29749ffb51d6ac51	1265	Data truncated for column 'c1' at row 1	insert into t4 values('case3');	1
65b59820d51531cc40c26bc7a319eea8	1264	Out of range value for column 'c2' at row 1	insert into t2 values('momo', -1)	1
65b59820d51531cc40c26bc7a319eea8	1265	Data truncated for column 'c1' at row 1	insert into t2 values('momo', -1)	1
7414ed901c65b07d3158174c30a9199f	1292	Truncated incorrect DOUBLE value: 'zo'	select * from t3 where c1=2	1
cf9999cf55dcc15c7b9b44af8fd19567	1265	Data truncated for column 'c1' at row 1	insert into t3 values('zoro')	1
-> Cleanup
set @@GLOBAL.sql_findings_control=DEFAULT;
drop table t1;
drop table t2;
drop table t3;
drop user user1@localhost;
drop user user_super@localhost;
