# restart: --log-error=MYSQLTEST_VARDIR/tmp/rocksdb.bulk_load_errors.1.err
CREATE TABLE t1(pk INT, PRIMARY KEY(pk)) ENGINE=ROCKSDB;
SET rocksdb_bulk_load=1;
INSERT INTO t1 VALUES(10);
INSERT INTO t1 VALUES(11);
INSERT INTO t1 VALUES(9);
ERROR HY000: Rows must be inserted in primary key order during bulk load operation
SET rocksdb_bulk_load=0;
SELECT * FROM t1;
pk
10
11
SET rocksdb_bulk_load=1;
INSERT INTO t1 VALUES(1);
INSERT INTO t1 VALUES(2);
INSERT INTO t1 VALUES(20);
INSERT INTO t1 VALUES(21);
SET rocksdb_bulk_load=0;
ERROR HY000: Rows inserted during bulk load must not overlap existing rows
SHOW VARIABLES LIKE 'rocksdb_bulk_load';
Variable_name	Value
rocksdb_bulk_load	OFF
SELECT * FROM t1;
pk
10
11
# restart: --log-error=MYSQLTEST_VARDIR/tmp/rocksdb.bulk_load_errors.2.err
SET rocksdb_bulk_load=1;
INSERT INTO t1 VALUES(1);
INSERT INTO t1 VALUES(2);
INSERT INTO t1 VALUES(20);
INSERT INTO t1 VALUES(21);
SELECT * FROM t1;
pk
10
11
SELECT * FROM t1;
pk
10
11
# restart: --log-error=MYSQLTEST_VARDIR/tmp/rocksdb.bulk_load_errors.3.err
TRUNCATE TABLE t1;
SET rocksdb_bulk_load_allow_unsorted=1;
SET rocksdb_bulk_load=1;
INSERT INTO t1 VALUES(100);
INSERT INTO t1 VALUES(101);
INSERT INTO t1 VALUES(99);
SET rocksdb_bulk_load=0;
SELECT * FROM t1;
pk
99
100
101
TRUNCATE TABLE t1;
SET rocksdb_bulk_load=1;
INSERT INTO t1 VALUES(201);
INSERT INTO t1 VALUES(200);
INSERT INTO t1 VALUES(202);
INSERT INTO t1 VALUES(201);
ERROR 23000: Failed to insert the record: the key already exists
SET rocksdb_bulk_load=0;
SELECT * FROM t1;
pk
200
201
202
SET rocksdb_bulk_load_allow_unsorted=DEFAULT;
DROP TABLE t1;
CREATE TABLE t1(c1 INT KEY) ENGINE=ROCKSDB;
SET rocksdb_bulk_load=1;
INSERT INTO t1 VALUES (),(),();
ERROR HY000: Rows must be inserted in primary key order during bulk load operation
SET rocksdb_bulk_load=0;
DROP TABLE t1;
CREATE TABLE t1(a INT AUTO_INCREMENT, b INT, PRIMARY KEY (a)) ENGINE=ROCKSDB DEFAULT CHARSET=latin1;
SET rocksdb_bulk_load=1;
INSERT INTO t1 VALUES(1, 0);
INSERT INTO t1 VALUES(2, 'test 2');
Warnings:
Warning	1366	Incorrect integer value: 'test 2' for column 'b' at row 1
INSERT INTO t1 VALUES(3, @arg04);
INSERT INTO t1 VALUES(4,1);
alter/drop table is not allowed in a ongoing bulk load
ALTER TABLE t1 ADD COLUMN c int;
ERROR HY000: Lock acquisition refused by storage engine.
DROP TABLE t1;
ERROR HY000: Lock acquisition refused by storage engine.
on a different connection
alter/drop table is not allowed during a ongoing bulk load
ALTER TABLE t1 ADD COLUMN c int;
ERROR HY000: Lock acquisition refused by storage engine.
DROP TABLE t1;
ERROR HY000: Lock acquisition refused by storage engine.
INSERT INTO t1 VALUES(5,1);
SET rocksdb_bulk_load=0;
select * from t1;
a	b
1	0
2	0
3	NULL
4	1
5	1
alter/drop will succeed after bulk load complete
ALTER TABLE t1 ADD COLUMN c int;
select * from t1;
a	b	c
1	0	NULL
2	0	NULL
3	NULL	NULL
4	1	NULL
5	1	NULL
DROP TABLE t1;
# restart: --log-error=MYSQLTEST_VARDIR/tmp/rocksdb.bulk_load_errors.4.err
CREATE TABLE t1 (pk INT, PRIMARY KEY (pk)) ENGINE=ROCKSDB;
CREATE TABLE t2 (pk INT, PRIMARY KEY (pk)) ENGINE=ROCKSDB;
SET rocksdb_bulk_load=1;
INSERT INTO t1 VALUES (1), (2);
INSERT INTO t2 VALUES (1), (2);
INSERT INTO t1 VALUES (1);
INSERT INTO t2 VALUES (3);
ERROR HY000: Rows inserted during bulk load must not overlap existing rows
SET rocksdb_bulk_load=0;
DROP TABLE t1;
DROP TABLE t2;
CREATE TABLE t1 (pk INT, PRIMARY KEY (pk)) ENGINE=ROCKSDB;
SET rocksdb_bulk_load_fail_if_not_bottommost_level=1;
INSERT INTO t1 VALUES (1), (10);
SET GLOBAL ROCKSDB_FORCE_FLUSH_MEMTABLE_NOW=1;
SET rocksdb_bulk_load=1;
INSERT INTO t1 VALUES (2);
INSERT INTO t1 VALUES (22);
SET rocksdb_bulk_load=0;
ERROR HY000: [(null)] bulk load error: Operation failed. Try again.: Files cannot be ingested to Lmax. Please make sure key range of Lmax and ongoing compaction's output to Lmaxdoes not overlap with files to ingest.
DROP TABLE t1;
