# restart
SELECT @@rocksdb_select_bypass_policy;
@@rocksdb_select_bypass_policy
always_off
SELECT @@rocksdb_select_bypass_policy into @save_rocksdb_select_bypass_policy;
set global rocksdb_select_bypass_policy=2;
SELECT @@rocksdb_select_bypass_policy;
@@rocksdb_select_bypass_policy
opt_in
SELECT @@rocksdb_select_bypass_allow_filters;
@@rocksdb_select_bypass_allow_filters
1
SELECT @@rocksdb_select_bypass_allow_filters into
@save_rocksdb_select_bypass_allow_filters;
set global rocksdb_select_bypass_allow_filters=0;
create table t1 (pk INT PRIMARY KEY NOT NULL, a INT NOT NULL, b INT NOT NULL,
c INT NOT NULL, d INT NOT NULL, KEY a (a, b, c)) ENGINE=ROCKSDB;
create table t2 (pk INT PRIMARY KEY NOT NULL, a INT NOT NULL, b INT NOT NULL,
c INT NOT NULL, KEY a (a, b, c)) ENGINE=ROCKSDB;
create table t3 (pk INT PRIMARY KEY NOT NULL, a INT NOT NULL, b INT NOT NULL,
c VARCHAR(15) CHARACTER SET latin1 NOT NULL, KEY a (a, b)) ENGINE=ROCKSDB;
create table t4 (pk INT PRIMARY KEY, a INT) ENGINE=ROCKSDB;
SELECT @@rocksdb_select_bypass_fail_unsupported;
@@rocksdb_select_bypass_fail_unsupported
1
SELECT @@rocksdb_select_bypass_fail_unsupported into @save_fail_unsupported;
set global rocksdb_select_bypass_fail_unsupported=true;
SELECT @@rocksdb_select_bypass_fail_unsupported;
@@rocksdb_select_bypass_fail_unsupported
1
SELECT @@rocksdb_select_bypass_rejected_query_history_size;
@@rocksdb_select_bypass_rejected_query_history_size
0
SELECT /*+ bypass */ pk from t1 WHERE pk=1 having pk=1;
ERROR 42000: SELECT statement pattern not supported: HAVING not supported
SHOW STATUS LIKE 'rocksdb_select_bypass%';
Variable_name	Value
rocksdb_select_bypass_executed	0
rocksdb_select_bypass_failed	0
rocksdb_select_bypass_rejected	1
SELECT QUERY, ERROR_MSG from information_schema.ROCKSDB_BYPASS_REJECTED_QUERY_HISTORY;
QUERY	ERROR_MSG
set global rocksdb_select_bypass_rejected_query_history_size=3;
SELECT @@rocksdb_select_bypass_rejected_query_history_size;
@@rocksdb_select_bypass_rejected_query_history_size
3
SELECT /*+ bypass */ pk from t1 WHERE pk=1 group by pk;
ERROR 42000: SELECT statement pattern not supported: GROUP BY not supported
SHOW STATUS LIKE 'rocksdb_select_bypass%';
Variable_name	Value
rocksdb_select_bypass_executed	0
rocksdb_select_bypass_failed	0
rocksdb_select_bypass_rejected	2
SELECT QUERY, ERROR_MSG from information_schema.ROCKSDB_BYPASS_REJECTED_QUERY_HISTORY;
QUERY	ERROR_MSG
SELECT `pk` FROM `t1` WHERE `pk` = ? GROUP BY `pk`	GROUP BY not supported
SELECT /*+ bypass */ * from t1 WHERE pk=1;
pk	a	b	c	d
SHOW STATUS LIKE 'rocksdb_select_bypass%';
Variable_name	Value
rocksdb_select_bypass_executed	1
rocksdb_select_bypass_failed	0
rocksdb_select_bypass_rejected	2
SELECT QUERY, ERROR_MSG from information_schema.ROCKSDB_BYPASS_REJECTED_QUERY_HISTORY;
QUERY	ERROR_MSG
SELECT `pk` FROM `t1` WHERE `pk` = ? GROUP BY `pk`	GROUP BY not supported
SELECT /*+ bypass */ 1 from t1 WHERE pk=1;
ERROR 42000: SELECT statement pattern not supported: SELECT expressions can only be field
SHOW STATUS LIKE 'rocksdb_select_bypass%';
Variable_name	Value
rocksdb_select_bypass_executed	1
rocksdb_select_bypass_failed	0
rocksdb_select_bypass_rejected	3
SELECT QUERY, ERROR_MSG from information_schema.ROCKSDB_BYPASS_REJECTED_QUERY_HISTORY;
QUERY	ERROR_MSG
SELECT ? FROM `t1` WHERE `pk` = ?	SELECT expressions can only be field
SELECT `pk` FROM `t1` WHERE `pk` = ? GROUP BY `pk`	GROUP BY not supported
SELECT /*+ bypass */ 1+2 from t1 WHERE pk=1;
ERROR 42000: SELECT statement pattern not supported: SELECT expressions can only be field
SHOW STATUS LIKE 'rocksdb_select_bypass%';
Variable_name	Value
rocksdb_select_bypass_executed	1
rocksdb_select_bypass_failed	0
rocksdb_select_bypass_rejected	4
SELECT QUERY, ERROR_MSG from information_schema.ROCKSDB_BYPASS_REJECTED_QUERY_HISTORY;
QUERY	ERROR_MSG
SELECT ? + ? FROM `t1` WHERE `pk` = ?	SELECT expressions can only be field
SELECT ? FROM `t1` WHERE `pk` = ?	SELECT expressions can only be field
SELECT `pk` FROM `t1` WHERE `pk` = ? GROUP BY `pk`	GROUP BY not supported
SELECT /*+ bypass */ COUNT(*) from t1 WHERE pk=1;
ERROR 42000: SELECT statement pattern not supported: SELECT expressions can only be field
SHOW STATUS LIKE 'rocksdb_select_bypass%';
Variable_name	Value
rocksdb_select_bypass_executed	1
rocksdb_select_bypass_failed	0
rocksdb_select_bypass_rejected	5
SELECT QUERY, ERROR_MSG from information_schema.ROCKSDB_BYPASS_REJECTED_QUERY_HISTORY;
QUERY	ERROR_MSG
SELECT COUNT ( * ) FROM `t1` WHERE `pk` = ?	SELECT expressions can only be field
SELECT ? + ? FROM `t1` WHERE `pk` = ?	SELECT expressions can only be field
SELECT ? FROM `t1` WHERE `pk` = ?	SELECT expressions can only be field
SELECT /*+ bypass */ COUNT(pk) from t1 WHERE pk=1;
ERROR 42000: SELECT statement pattern not supported: SELECT expressions can only be field
SHOW STATUS LIKE 'rocksdb_select_bypass%';
Variable_name	Value
rocksdb_select_bypass_executed	1
rocksdb_select_bypass_failed	0
rocksdb_select_bypass_rejected	6
SELECT QUERY, ERROR_MSG from information_schema.ROCKSDB_BYPASS_REJECTED_QUERY_HISTORY;
QUERY	ERROR_MSG
SELECT COUNT ( `pk` ) FROM `t1` WHERE `pk` = ?	SELECT expressions can only be field
SELECT COUNT ( * ) FROM `t1` WHERE `pk` = ?	SELECT expressions can only be field
SELECT ? + ? FROM `t1` WHERE `pk` = ?	SELECT expressions can only be field
SELECT /*+ bypass */ pk+1 from t1 WHERE pk=1;
ERROR 42000: SELECT statement pattern not supported: SELECT expressions can only be field
SHOW STATUS LIKE 'rocksdb_select_bypass%';
Variable_name	Value
rocksdb_select_bypass_executed	1
rocksdb_select_bypass_failed	0
rocksdb_select_bypass_rejected	7
SELECT QUERY, ERROR_MSG from information_schema.ROCKSDB_BYPASS_REJECTED_QUERY_HISTORY;
QUERY	ERROR_MSG
SELECT `pk` + ? FROM `t1` WHERE `pk` = ?	SELECT expressions can only be field
SELECT COUNT ( `pk` ) FROM `t1` WHERE `pk` = ?	SELECT expressions can only be field
SELECT COUNT ( * ) FROM `t1` WHERE `pk` = ?	SELECT expressions can only be field
SELECT /*+ bypass */ pk from t1 USE INDEX (PRIMARY) WHERE pk=1;
ERROR 42000: SELECT statement pattern not supported: Index hint must be FORCE INDEX
SHOW STATUS LIKE 'rocksdb_select_bypass%';
Variable_name	Value
rocksdb_select_bypass_executed	1
rocksdb_select_bypass_failed	0
rocksdb_select_bypass_rejected	8
SELECT QUERY, ERROR_MSG from information_schema.ROCKSDB_BYPASS_REJECTED_QUERY_HISTORY;
QUERY	ERROR_MSG
SELECT `pk` FROM `t1` USE INDEX ( PRIMARY ) WHERE `pk` = ?	Index hint must be FORCE INDEX
SELECT `pk` + ? FROM `t1` WHERE `pk` = ?	SELECT expressions can only be field
SELECT COUNT ( `pk` ) FROM `t1` WHERE `pk` = ?	SELECT expressions can only be field
SELECT /*+ bypass */ pk from t1;
ERROR 42000: SELECT statement pattern not supported: Unsupported WHERE: should be expr [(AND expr)*] where expr only contains >, >=, <, <=, =, IN
SHOW STATUS LIKE 'rocksdb_select_bypass%';
Variable_name	Value
rocksdb_select_bypass_executed	1
rocksdb_select_bypass_failed	0
rocksdb_select_bypass_rejected	9
SELECT QUERY, ERROR_MSG from information_schema.ROCKSDB_BYPASS_REJECTED_QUERY_HISTORY;
QUERY	ERROR_MSG
SELECT `pk` FROM `t1`	Unsupported WHERE: should be expr [(AND expr)*] where expr only contains >, >=, <, <=, =, IN
SELECT `pk` FROM `t1` USE INDEX ( PRIMARY ) WHERE `pk` = ?	Index hint must be FORCE INDEX
SELECT `pk` + ? FROM `t1` WHERE `pk` = ?	SELECT expressions can only be field
SELECT /*+ bypass */ pk from t1 WHERE pk=1 or pk=2;
ERROR 42000: SELECT statement pattern not supported: Unsupported WHERE: should be expr [(AND expr)*] where expr only contains >, >=, <, <=, =, IN
SHOW STATUS LIKE 'rocksdb_select_bypass%';
Variable_name	Value
rocksdb_select_bypass_executed	1
rocksdb_select_bypass_failed	0
rocksdb_select_bypass_rejected	10
SELECT QUERY, ERROR_MSG from information_schema.ROCKSDB_BYPASS_REJECTED_QUERY_HISTORY;
QUERY	ERROR_MSG
SELECT `pk` FROM `t1` WHERE `pk` = ? OR `pk` = ?	Unsupported WHERE: should be expr [(AND expr)*] where expr only contains >, >=, <, <=, =, IN
SELECT `pk` FROM `t1`	Unsupported WHERE: should be expr [(AND expr)*] where expr only contains >, >=, <, <=, =, IN
SELECT `pk` FROM `t1` USE INDEX ( PRIMARY ) WHERE `pk` = ?	Index hint must be FORCE INDEX
SELECT /*+ bypass */ pk from t1 WHERE pk > 1 AND pk > 2 AND pk > 3;
ERROR 42000: SELECT statement pattern not supported: Unsupported range query pattern
SHOW STATUS LIKE 'rocksdb_select_bypass%';
Variable_name	Value
rocksdb_select_bypass_executed	1
rocksdb_select_bypass_failed	0
rocksdb_select_bypass_rejected	11
SELECT QUERY, ERROR_MSG from information_schema.ROCKSDB_BYPASS_REJECTED_QUERY_HISTORY;
QUERY	ERROR_MSG
SELECT `pk` FROM `t1` WHERE `pk` > ? AND `pk` > ? AND `pk` > ?	Unsupported range query pattern
SELECT `pk` FROM `t1` WHERE `pk` = ? OR `pk` = ?	Unsupported WHERE: should be expr [(AND expr)*] where expr only contains >, >=, <, <=, =, IN
SELECT `pk` FROM `t1`	Unsupported WHERE: should be expr [(AND expr)*] where expr only contains >, >=, <, <=, =, IN
SELECT /*+ bypass */ pk from t1 WHERE pk > 1 AND a = 1;
pk
SHOW STATUS LIKE 'rocksdb_select_bypass%';
Variable_name	Value
rocksdb_select_bypass_executed	2
rocksdb_select_bypass_failed	0
rocksdb_select_bypass_rejected	11
SELECT /*+ bypass */ pk from t1 WHERE pk = 1 AND a = 1;
pk
SHOW STATUS LIKE 'rocksdb_select_bypass%';
Variable_name	Value
rocksdb_select_bypass_executed	3
rocksdb_select_bypass_failed	0
rocksdb_select_bypass_rejected	11
SELECT /*+ bypass */ d from t1 FORCE INDEX (a)
WHERE a = 1 AND b = 2 AND c = 3 AND d > 4;
d
SHOW STATUS LIKE 'rocksdb_select_bypass%';
Variable_name	Value
rocksdb_select_bypass_executed	4
rocksdb_select_bypass_failed	0
rocksdb_select_bypass_rejected	11
SELECT /*+ bypass */ d from t1 FORCE INDEX (a)
WHERE a = 1 AND b = 2 AND c > 3 AND d > 4;
d
SHOW STATUS LIKE 'rocksdb_select_bypass%';
Variable_name	Value
rocksdb_select_bypass_executed	5
rocksdb_select_bypass_failed	0
rocksdb_select_bypass_rejected	11
SELECT /*+ bypass */ d from t1 FORCE INDEX (a)
WHERE a = 1 AND b = 2 AND d > 4;
ERROR 42000: SELECT statement pattern not supported: Non-optimal queries with filters are not allowed
SHOW STATUS LIKE 'rocksdb_select_bypass%';
Variable_name	Value
rocksdb_select_bypass_executed	5
rocksdb_select_bypass_failed	0
rocksdb_select_bypass_rejected	12
SELECT /*+ bypass */ d from t1 FORCE INDEX (a)
WHERE a = 1 AND b > 2 AND d > 4;
ERROR 42000: SELECT statement pattern not supported: Non-optimal queries with filters are not allowed
SHOW STATUS LIKE 'rocksdb_select_bypass%';
Variable_name	Value
rocksdb_select_bypass_executed	5
rocksdb_select_bypass_failed	0
rocksdb_select_bypass_rejected	13
SELECT /*+ bypass */ pk from t1 WHERE pk > 1 AND pk > 2;
ERROR 42000: SELECT statement pattern not supported: Unsupported range query pattern
SHOW STATUS LIKE 'rocksdb_select_bypass%';
Variable_name	Value
rocksdb_select_bypass_executed	5
rocksdb_select_bypass_failed	0
rocksdb_select_bypass_rejected	14
SELECT QUERY, ERROR_MSG from information_schema.ROCKSDB_BYPASS_REJECTED_QUERY_HISTORY;
QUERY	ERROR_MSG
SELECT `pk` FROM `t1` WHERE `pk` > ? AND `pk` > ?	Unsupported range query pattern
SELECT `d` FROM `t1` FORCE INDEX ( `a` ) WHERE `a` = ? AND `b` > ? AND `d` > ?	Non-optimal queries with filters are not allowed
SELECT `d` FROM `t1` FORCE INDEX ( `a` ) WHERE `a` = ? AND `b` = ? AND `d` > ?	Non-optimal queries with filters are not allowed
SELECT /*+ bypass */ pk from t1 WHERE pk < 1 AND pk < 2;
ERROR 42000: SELECT statement pattern not supported: Unsupported range query pattern
SHOW STATUS LIKE 'rocksdb_select_bypass%';
Variable_name	Value
rocksdb_select_bypass_executed	5
rocksdb_select_bypass_failed	0
rocksdb_select_bypass_rejected	15
SELECT QUERY, ERROR_MSG from information_schema.ROCKSDB_BYPASS_REJECTED_QUERY_HISTORY;
QUERY	ERROR_MSG
SELECT `pk` FROM `t1` WHERE `pk` < ? AND `pk` < ?	Unsupported range query pattern
SELECT `pk` FROM `t1` WHERE `pk` > ? AND `pk` > ?	Unsupported range query pattern
SELECT `d` FROM `t1` FORCE INDEX ( `a` ) WHERE `a` = ? AND `b` > ? AND `d` > ?	Non-optimal queries with filters are not allowed
SELECT /*+ bypass */ pk from t1 WHERE pk <= 1 AND pk <= 2;
ERROR 42000: SELECT statement pattern not supported: Unsupported range query pattern
SHOW STATUS LIKE 'rocksdb_select_bypass%';
Variable_name	Value
rocksdb_select_bypass_executed	5
rocksdb_select_bypass_failed	0
rocksdb_select_bypass_rejected	16
SELECT QUERY, ERROR_MSG from information_schema.ROCKSDB_BYPASS_REJECTED_QUERY_HISTORY;
QUERY	ERROR_MSG
SELECT `pk` FROM `t1` WHERE `pk` <= ? AND `pk` <= ?	Unsupported range query pattern
SELECT `pk` FROM `t1` WHERE `pk` < ? AND `pk` < ?	Unsupported range query pattern
SELECT `pk` FROM `t1` WHERE `pk` > ? AND `pk` > ?	Unsupported range query pattern
SELECT /*+ bypass */ pk from t1 WHERE pk >= 1 AND pk >= 2;
ERROR 42000: SELECT statement pattern not supported: Unsupported range query pattern
SHOW STATUS LIKE 'rocksdb_select_bypass%';
Variable_name	Value
rocksdb_select_bypass_executed	5
rocksdb_select_bypass_failed	0
rocksdb_select_bypass_rejected	17
SELECT QUERY, ERROR_MSG from information_schema.ROCKSDB_BYPASS_REJECTED_QUERY_HISTORY;
QUERY	ERROR_MSG
SELECT `pk` FROM `t1` WHERE `pk` >= ? AND `pk` >= ?	Unsupported range query pattern
SELECT `pk` FROM `t1` WHERE `pk` <= ? AND `pk` <= ?	Unsupported range query pattern
SELECT `pk` FROM `t1` WHERE `pk` < ? AND `pk` < ?	Unsupported range query pattern
SELECT /*+ bypass */ pk from t1 WHERE pk > 1 AND pk >= 2;
ERROR 42000: SELECT statement pattern not supported: Unsupported range query pattern
SHOW STATUS LIKE 'rocksdb_select_bypass%';
Variable_name	Value
rocksdb_select_bypass_executed	5
rocksdb_select_bypass_failed	0
rocksdb_select_bypass_rejected	18
SELECT QUERY, ERROR_MSG from information_schema.ROCKSDB_BYPASS_REJECTED_QUERY_HISTORY;
QUERY	ERROR_MSG
SELECT `pk` FROM `t1` WHERE `pk` > ? AND `pk` >= ?	Unsupported range query pattern
SELECT `pk` FROM `t1` WHERE `pk` >= ? AND `pk` >= ?	Unsupported range query pattern
SELECT `pk` FROM `t1` WHERE `pk` <= ? AND `pk` <= ?	Unsupported range query pattern
SELECT /*+ bypass */ pk from t1 WHERE pk >= 1 AND pk > 2;
ERROR 42000: SELECT statement pattern not supported: Unsupported range query pattern
SHOW STATUS LIKE 'rocksdb_select_bypass%';
Variable_name	Value
rocksdb_select_bypass_executed	5
rocksdb_select_bypass_failed	0
rocksdb_select_bypass_rejected	19
SELECT QUERY, ERROR_MSG from information_schema.ROCKSDB_BYPASS_REJECTED_QUERY_HISTORY;
QUERY	ERROR_MSG
SELECT `pk` FROM `t1` WHERE `pk` >= ? AND `pk` > ?	Unsupported range query pattern
SELECT `pk` FROM `t1` WHERE `pk` > ? AND `pk` >= ?	Unsupported range query pattern
SELECT `pk` FROM `t1` WHERE `pk` >= ? AND `pk` >= ?	Unsupported range query pattern
SELECT /*+ bypass */ pk from t1 WHERE pk < 1 AND pk <= 2;
ERROR 42000: SELECT statement pattern not supported: Unsupported range query pattern
SHOW STATUS LIKE 'rocksdb_select_bypass%';
Variable_name	Value
rocksdb_select_bypass_executed	5
rocksdb_select_bypass_failed	0
rocksdb_select_bypass_rejected	20
SELECT QUERY, ERROR_MSG from information_schema.ROCKSDB_BYPASS_REJECTED_QUERY_HISTORY;
QUERY	ERROR_MSG
SELECT `pk` FROM `t1` WHERE `pk` < ? AND `pk` <= ?	Unsupported range query pattern
SELECT `pk` FROM `t1` WHERE `pk` >= ? AND `pk` > ?	Unsupported range query pattern
SELECT `pk` FROM `t1` WHERE `pk` > ? AND `pk` >= ?	Unsupported range query pattern
SELECT /*+ bypass */ pk from t1 WHERE pk <= 1 AND pk < 2;
ERROR 42000: SELECT statement pattern not supported: Unsupported range query pattern
SHOW STATUS LIKE 'rocksdb_select_bypass%';
Variable_name	Value
rocksdb_select_bypass_executed	5
rocksdb_select_bypass_failed	0
rocksdb_select_bypass_rejected	21
SELECT QUERY, ERROR_MSG from information_schema.ROCKSDB_BYPASS_REJECTED_QUERY_HISTORY;
QUERY	ERROR_MSG
SELECT `pk` FROM `t1` WHERE `pk` <= ? AND `pk` < ?	Unsupported range query pattern
SELECT `pk` FROM `t1` WHERE `pk` < ? AND `pk` <= ?	Unsupported range query pattern
SELECT `pk` FROM `t1` WHERE `pk` >= ? AND `pk` > ?	Unsupported range query pattern
SELECT /*+ bypass */ a, b, c from t1 WHERE a > 0 and b > 0;
ERROR 42000: SELECT statement pattern not supported: Non-optimal queries with filters are not allowed
SELECT /*+ bypass */ a, b, c from t1 WHERE a > 0 and b in (1, 2);
ERROR 42000: SELECT statement pattern not supported: Non-optimal queries with filters are not allowed
SELECT /*+ bypass */ a, b, c from t1 WHERE a > 0 and b > 0 and c > 0;
ERROR 42000: SELECT statement pattern not supported: Non-optimal queries with filters are not allowed
SHOW STATUS LIKE 'rocksdb_select_bypass%';
Variable_name	Value
rocksdb_select_bypass_executed	5
rocksdb_select_bypass_failed	0
rocksdb_select_bypass_rejected	24
SELECT QUERY, ERROR_MSG from information_schema.ROCKSDB_BYPASS_REJECTED_QUERY_HISTORY;
QUERY	ERROR_MSG
SELECT `a` , `b` , `c` FROM `t1` WHERE `a` > ? AND `b` > ? AND `c` > ?	Non-optimal queries with filters are not allowed
SELECT `a` , `b` , `c` FROM `t1` WHERE `a` > ? AND `b` IN (...)	Non-optimal queries with filters are not allowed
SELECT `a` , `b` , `c` FROM `t1` WHERE `a` > ? AND `b` > ?	Non-optimal queries with filters are not allowed
SELECT /*+ bypass */ pk from t1 WHERE pk<=>1;
ERROR 42000: SELECT statement pattern not supported: Unsupported WHERE - needs to be >, >=, <, <=, =, IN
SHOW STATUS LIKE 'rocksdb_select_bypass%';
Variable_name	Value
rocksdb_select_bypass_executed	5
rocksdb_select_bypass_failed	0
rocksdb_select_bypass_rejected	25
SELECT QUERY, ERROR_MSG from information_schema.ROCKSDB_BYPASS_REJECTED_QUERY_HISTORY;
QUERY	ERROR_MSG
SELECT `pk` FROM `t1` WHERE `pk` <=> ?	Unsupported WHERE - needs to be >, >=, <, <=, =, IN
SELECT `a` , `b` , `c` FROM `t1` WHERE `a` > ? AND `b` > ? AND `c` > ?	Non-optimal queries with filters are not allowed
SELECT `a` , `b` , `c` FROM `t1` WHERE `a` > ? AND `b` IN (...)	Non-optimal queries with filters are not allowed
SELECT /*+ bypass */ pk from t1 WHERE pk=(1,2,3);
ERROR 21000: Operand should contain 1 column(s)
SHOW STATUS LIKE 'rocksdb_select_bypass%';
Variable_name	Value
rocksdb_select_bypass_executed	5
rocksdb_select_bypass_failed	0
rocksdb_select_bypass_rejected	25
SELECT QUERY, ERROR_MSG from information_schema.ROCKSDB_BYPASS_REJECTED_QUERY_HISTORY;
QUERY	ERROR_MSG
SELECT `pk` FROM `t1` WHERE `pk` <=> ?	Unsupported WHERE - needs to be >, >=, <, <=, =, IN
SELECT `a` , `b` , `c` FROM `t1` WHERE `a` > ? AND `b` > ? AND `c` > ?	Non-optimal queries with filters are not allowed
SELECT `a` , `b` , `c` FROM `t1` WHERE `a` > ? AND `b` IN (...)	Non-optimal queries with filters are not allowed
set global rocksdb_select_bypass_rejected_query_history_size=4;
SELECT @@rocksdb_select_bypass_rejected_query_history_size;
@@rocksdb_select_bypass_rejected_query_history_size
4
SELECT /*+ bypass */ pk from t1 WHERE pk=DATE '2019-03-25';
pk
SHOW STATUS LIKE 'rocksdb_select_bypass%';
Variable_name	Value
rocksdb_select_bypass_executed	6
rocksdb_select_bypass_failed	0
rocksdb_select_bypass_rejected	25
SELECT QUERY, ERROR_MSG from information_schema.ROCKSDB_BYPASS_REJECTED_QUERY_HISTORY;
QUERY	ERROR_MSG
SELECT `pk` FROM `t1` WHERE `pk` <=> ?	Unsupported WHERE - needs to be >, >=, <, <=, =, IN
SELECT `a` , `b` , `c` FROM `t1` WHERE `a` > ? AND `b` > ? AND `c` > ?	Non-optimal queries with filters are not allowed
SELECT `a` , `b` , `c` FROM `t1` WHERE `a` > ? AND `b` IN (...)	Non-optimal queries with filters are not allowed
SELECT /*+ bypass */ pk from t1 WHERE pk=TIME '18:01:00';
pk
SHOW STATUS LIKE 'rocksdb_select_bypass%';
Variable_name	Value
rocksdb_select_bypass_executed	7
rocksdb_select_bypass_failed	0
rocksdb_select_bypass_rejected	25
SELECT QUERY, ERROR_MSG from information_schema.ROCKSDB_BYPASS_REJECTED_QUERY_HISTORY;
QUERY	ERROR_MSG
SELECT `pk` FROM `t1` WHERE `pk` <=> ?	Unsupported WHERE - needs to be >, >=, <, <=, =, IN
SELECT `a` , `b` , `c` FROM `t1` WHERE `a` > ? AND `b` > ? AND `c` > ?	Non-optimal queries with filters are not allowed
SELECT `a` , `b` , `c` FROM `t1` WHERE `a` > ? AND `b` IN (...)	Non-optimal queries with filters are not allowed
SELECT /*+ bypass */ pk from t1 WHERE pk=TIMESTAMP '2019-03-25 18:01:00';
pk
SHOW STATUS LIKE 'rocksdb_select_bypass%';
Variable_name	Value
rocksdb_select_bypass_executed	8
rocksdb_select_bypass_failed	0
rocksdb_select_bypass_rejected	25
SELECT QUERY, ERROR_MSG from information_schema.ROCKSDB_BYPASS_REJECTED_QUERY_HISTORY;
QUERY	ERROR_MSG
SELECT `pk` FROM `t1` WHERE `pk` <=> ?	Unsupported WHERE - needs to be >, >=, <, <=, =, IN
SELECT `a` , `b` , `c` FROM `t1` WHERE `a` > ? AND `b` > ? AND `c` > ?	Non-optimal queries with filters are not allowed
SELECT `a` , `b` , `c` FROM `t1` WHERE `a` > ? AND `b` IN (...)	Non-optimal queries with filters are not allowed
SELECT /*+ bypass */ pk from t1 WHERE pk=ANY (SELECT pk FROM t1);
pk
SHOW STATUS LIKE 'rocksdb_select_bypass%';
Variable_name	Value
rocksdb_select_bypass_executed	8
rocksdb_select_bypass_failed	0
rocksdb_select_bypass_rejected	25
SELECT QUERY, ERROR_MSG from information_schema.ROCKSDB_BYPASS_REJECTED_QUERY_HISTORY;
QUERY	ERROR_MSG
SELECT `pk` FROM `t1` WHERE `pk` <=> ?	Unsupported WHERE - needs to be >, >=, <, <=, =, IN
SELECT `a` , `b` , `c` FROM `t1` WHERE `a` > ? AND `b` > ? AND `c` > ?	Non-optimal queries with filters are not allowed
SELECT `a` , `b` , `c` FROM `t1` WHERE `a` > ? AND `b` IN (...)	Non-optimal queries with filters are not allowed
SELECT /*+ bypass */ pk from t1 WHERE pk>ALL (SELECT pk FROM t1);
ERROR 42000: SELECT statement pattern not supported: Unsupported WHERE - needs to be >, >=, <, <=, =, IN
SHOW STATUS LIKE 'rocksdb_select_bypass%';
Variable_name	Value
rocksdb_select_bypass_executed	8
rocksdb_select_bypass_failed	0
rocksdb_select_bypass_rejected	26
SELECT QUERY, ERROR_MSG from information_schema.ROCKSDB_BYPASS_REJECTED_QUERY_HISTORY;
QUERY	ERROR_MSG
SELECT `pk` FROM `t1` WHERE `pk` > ALL ( SELECT `pk` FROM `t1` )	Unsupported WHERE - needs to be >, >=, <, <=, =, IN
SELECT `pk` FROM `t1` WHERE `pk` <=> ?	Unsupported WHERE - needs to be >, >=, <, <=, =, IN
SELECT `a` , `b` , `c` FROM `t1` WHERE `a` > ? AND `b` > ? AND `c` > ?	Non-optimal queries with filters are not allowed
SELECT `a` , `b` , `c` FROM `t1` WHERE `a` > ? AND `b` IN (...)	Non-optimal queries with filters are not allowed
SELECT /*+ bypass */ DISTINCT a from t1;
ERROR 42000: SELECT statement pattern not supported: SELECT options not supported (such as SELECT DISTINCT)
SHOW STATUS LIKE 'rocksdb_select_bypass%';
Variable_name	Value
rocksdb_select_bypass_executed	8
rocksdb_select_bypass_failed	0
rocksdb_select_bypass_rejected	27
SELECT QUERY, ERROR_MSG from information_schema.ROCKSDB_BYPASS_REJECTED_QUERY_HISTORY;
QUERY	ERROR_MSG
SELECT DISTINCTROW `a` FROM `t1`	SELECT options not supported (such as SELECT DISTINCT)
SELECT `pk` FROM `t1` WHERE `pk` > ALL ( SELECT `pk` FROM `t1` )	Unsupported WHERE - needs to be >, >=, <, <=, =, IN
SELECT `pk` FROM `t1` WHERE `pk` <=> ?	Unsupported WHERE - needs to be >, >=, <, <=, =, IN
SELECT `a` , `b` , `c` FROM `t1` WHERE `a` > ? AND `b` > ? AND `c` > ?	Non-optimal queries with filters are not allowed
SELECT /*+ bypass */ ALL a, b from t1;
ERROR 42000: SELECT statement pattern not supported: Unsupported WHERE: should be expr [(AND expr)*] where expr only contains >, >=, <, <=, =, IN
SHOW STATUS LIKE 'rocksdb_select_bypass%';
Variable_name	Value
rocksdb_select_bypass_executed	8
rocksdb_select_bypass_failed	0
rocksdb_select_bypass_rejected	28
SELECT QUERY, ERROR_MSG from information_schema.ROCKSDB_BYPASS_REJECTED_QUERY_HISTORY;
QUERY	ERROR_MSG
SELECT ALL `a` , `b` FROM `t1`	Unsupported WHERE: should be expr [(AND expr)*] where expr only contains >, >=, <, <=, =, IN
SELECT DISTINCTROW `a` FROM `t1`	SELECT options not supported (such as SELECT DISTINCT)
SELECT `pk` FROM `t1` WHERE `pk` > ALL ( SELECT `pk` FROM `t1` )	Unsupported WHERE - needs to be >, >=, <, <=, =, IN
SELECT `pk` FROM `t1` WHERE `pk` <=> ?	Unsupported WHERE - needs to be >, >=, <, <=, =, IN
set global rocksdb_select_bypass_rejected_query_history_size=1;
SELECT @@rocksdb_select_bypass_rejected_query_history_size;
@@rocksdb_select_bypass_rejected_query_history_size
1
SELECT QUERY, ERROR_MSG from information_schema.ROCKSDB_BYPASS_REJECTED_QUERY_HISTORY;
QUERY	ERROR_MSG
SELECT ALL `a` , `b` FROM `t1`	Unsupported WHERE: should be expr [(AND expr)*] where expr only contains >, >=, <, <=, =, IN
SELECT /*+ bypass */ t1.pk, t2.pk from t1, t2;
pk	pk
SHOW STATUS LIKE 'rocksdb_select_bypass%';
Variable_name	Value
rocksdb_select_bypass_executed	8
rocksdb_select_bypass_failed	0
rocksdb_select_bypass_rejected	28
SELECT QUERY, ERROR_MSG from information_schema.ROCKSDB_BYPASS_REJECTED_QUERY_HISTORY;
QUERY	ERROR_MSG
SELECT ALL `a` , `b` FROM `t1`	Unsupported WHERE: should be expr [(AND expr)*] where expr only contains >, >=, <, <=, =, IN
SELECT /*+ bypass */ t1.pk FROM t1 LEFT JOIN t2 using (pk)
WHERE t1.pk=1;
pk
SHOW STATUS LIKE 'rocksdb_select_bypass%';
Variable_name	Value
rocksdb_select_bypass_executed	8
rocksdb_select_bypass_failed	0
rocksdb_select_bypass_rejected	28
SELECT QUERY, ERROR_MSG from information_schema.ROCKSDB_BYPASS_REJECTED_QUERY_HISTORY;
QUERY	ERROR_MSG
SELECT ALL `a` , `b` FROM `t1`	Unsupported WHERE: should be expr [(AND expr)*] where expr only contains >, >=, <, <=, =, IN
SELECT /*+ bypass */ pk, a from (SELECT pk, a FROM t1) AS t1_temp;
pk	a
SHOW STATUS LIKE 'rocksdb_select_bypass%';
Variable_name	Value
rocksdb_select_bypass_executed	8
rocksdb_select_bypass_failed	0
rocksdb_select_bypass_rejected	28
SELECT QUERY, ERROR_MSG from information_schema.ROCKSDB_BYPASS_REJECTED_QUERY_HISTORY;
QUERY	ERROR_MSG
SELECT ALL `a` , `b` FROM `t1`	Unsupported WHERE: should be expr [(AND expr)*] where expr only contains >, >=, <, <=, =, IN
SELECT /*+ bypass */ pk FROM t1 WHERE pk=3 UNION DISTINCT
SELECT pk FROM t2 WHERE pk=3;
pk
SELECT /*+ bypass */ pk FROM t1 WHERE pk=3 UNION ALL
SELECT pk FROM t2 WHERE pk=3;
pk
SHOW STATUS LIKE 'rocksdb_select_bypass%';
Variable_name	Value
rocksdb_select_bypass_executed	8
rocksdb_select_bypass_failed	0
rocksdb_select_bypass_rejected	28
SELECT QUERY, ERROR_MSG from information_schema.ROCKSDB_BYPASS_REJECTED_QUERY_HISTORY;
QUERY	ERROR_MSG
SELECT ALL `a` , `b` FROM `t1`	Unsupported WHERE: should be expr [(AND expr)*] where expr only contains >, >=, <, <=, =, IN
SELECT /*+ bypass */ a, b, c FROM t1 WHERE a=1 ORDER BY a;
ERROR 42000: SELECT statement pattern not supported: ORDER BY field doesn't belong to the index
SELECT /*+ bypass */ a, b, c FROM t1 FORCE INDEX(`a`) WHERE a=1 ORDER BY b, a;
ERROR 42000: SELECT statement pattern not supported: ORDER BY is not in index order
SELECT /*+ bypass */ a, b, c FROM t1 FORCE INDEX(`a`) WHERE a=1
ORDER BY a, b, c, c, c, a, b, c, d;
ERROR 42000: SELECT statement pattern not supported: ORDER BY is not in index order
SELECT /*+ bypass */ a, b, c FROM t1 FORCE INDEX(`a`) WHERE a=1 ORDER BY c, a;
ERROR 42000: SELECT statement pattern not supported: ORDER BY is not in index order
SELECT /*+ bypass */ a, b, c FROM t1 FORCE INDEX(`a`) WHERE a=1 ORDER BY a, a;
ERROR 42000: SELECT statement pattern not supported: ORDER BY is not in index order
SELECT /*+ bypass */ a, b, c FROM t1 FORCE INDEX(`a`) WHERE a=1
ORDER BY a, a, a, a, a, a, a, a;
ERROR 42000: SELECT statement pattern not supported: ORDER BY is not in index order
SELECT /*+ bypass */ a, b, c FROM t1 FORCE INDEX(`a`) WHERE a=1 ORDER BY b, b;
ERROR 42000: SELECT statement pattern not supported: ORDER BY is not in index order
SELECT /*+ bypass */ a, b, c FROM t3 FORCE INDEX(`a`) WHERE a=1 ORDER BY b, b;
ERROR 42000: SELECT statement pattern not supported: only binary, utf8_bin, latin1_bin is supported for varchar field
SHOW STATUS LIKE 'rocksdb_select_bypass%';
Variable_name	Value
rocksdb_select_bypass_executed	8
rocksdb_select_bypass_failed	0
rocksdb_select_bypass_rejected	36
SELECT QUERY, ERROR_MSG from information_schema.ROCKSDB_BYPASS_REJECTED_QUERY_HISTORY;
QUERY	ERROR_MSG
SELECT `a` , `b` , `c` FROM `t3` FORCE INDEX ( `a` ) WHERE `a` = ? ORDER BY `b` , `b`	only binary, utf8_bin, latin1_bin is supported for varchar field
SELECT /*+ bypass */ a, b, c FROM t1 FORCE INDEX(`abc`) WHERE a=1 ORDER BY b, a;
ERROR 42000: Key 'abc' doesn't exist in table 't1'
SELECT /*+ bypass */ a from t1 WHERE a=1 INTO OUTFILE 'datadir/select.out';
ERROR 42000: SELECT statement pattern not supported: SELECT INTO/DUMP not supported
SHOW STATUS LIKE 'rocksdb_select_bypass%';
Variable_name	Value
rocksdb_select_bypass_executed	8
rocksdb_select_bypass_failed	0
rocksdb_select_bypass_rejected	37
SELECT /*+ bypass */ a from t1 WHERE a=1 INTO DUMPFILE 'datadir/select.dump';
ERROR 42000: SELECT statement pattern not supported: SELECT INTO/DUMP not supported
SHOW STATUS LIKE 'rocksdb_select_bypass%';
Variable_name	Value
rocksdb_select_bypass_executed	8
rocksdb_select_bypass_failed	0
rocksdb_select_bypass_rejected	38
SELECT /*+ bypass */ a, b, c FROM t3 WHERE pk=1 FOR UPDATE;
ERROR 42000: SELECT statement pattern not supported: Only SELECT with default READ lock is supported
SELECT /*+ bypass */ a, b, c FROM t3 WHERE pk=1 FOR UPDATE SKIP LOCKED;
ERROR 42000: SELECT statement pattern not supported: Only SELECT with default READ lock is supported
SELECT /*+ bypass */ a, b, c FROM t3 WHERE pk=1 FOR UPDATE NOWAIT;
ERROR 42000: SELECT statement pattern not supported: Only SELECT with default READ lock is supported
SELECT /*+ bypass */ a, b, c FROM t3 WHERE pk=1 LOCK IN SHARE MODE;
ERROR 42000: SELECT statement pattern not supported: Only SELECT with default READ lock is supported
SELECT QUERY, ERROR_MSG from information_schema.ROCKSDB_BYPASS_REJECTED_QUERY_HISTORY;
QUERY	ERROR_MSG
SELECT `a` , `b` , `c` FROM `t3` WHERE `pk` = ? LOCK IN SHARE MODE	Only SELECT with default READ lock is supported
SELECT /*+ bypass */ HIGH_PRIORITY a, b, c FROM t3 WHERE pk=1;
ERROR 42000: SELECT statement pattern not supported: Only SELECT with default READ lock is supported
SELECT /*+ bypass */ a FROM t3 WHERE a=1 AND a=1 AND a=1 AND a=1 AND a=1 AND
a=1 AND a=1 AND a=1 AND a=1 AND a=1 AND
a=1 AND a=1 AND a=1 AND a=1 AND a=1 AND
a=1 AND a=1;
ERROR 42000: SELECT statement pattern not supported: Too many WHERE expressions
SELECT QUERY, ERROR_MSG from information_schema.ROCKSDB_BYPASS_REJECTED_QUERY_HISTORY;
QUERY	ERROR_MSG
SELECT `a` FROM `t3` WHERE `a` = ? AND `a` = ? AND `a` = ? AND `a` = ? AND `a` = ? AND `a` = ? AND `	Too many WHERE expressions
SELECT /*+ bypass */ a FROM t4 WHERE a=1;
ERROR 42000: SELECT statement pattern not supported: NULL fields not supported
SELECT QUERY, ERROR_MSG from information_schema.ROCKSDB_BYPASS_REJECTED_QUERY_HISTORY;
QUERY	ERROR_MSG
SELECT `a` FROM `t4` WHERE `a` = ?	NULL fields not supported
SELECT @@rocksdb_select_bypass_policy;
@@rocksdb_select_bypass_policy
opt_in
set global rocksdb_select_bypass_policy=@save_rocksdb_select_bypass_policy;
SELECT @@rocksdb_select_bypass_policy;
@@rocksdb_select_bypass_policy
always_off
set global rocksdb_select_bypass_allow_filters=
@save_rocksdb_select_bypass_allow_filters;
SELECT @@rocksdb_select_bypass_fail_unsupported;
@@rocksdb_select_bypass_fail_unsupported
1
set global rocksdb_select_bypass_fail_unsupported=false;
SELECT @@rocksdb_select_bypass_fail_unsupported;
@@rocksdb_select_bypass_fail_unsupported
0
SELECT /*+ bypass */ * from t1;
pk	a	b	c	d
SELECT /*+ bypass */ pk from t1 WHERE pk > 1 AND pk > 2 AND pk > 3;
pk
SELECT /*+ bypass */ pk from t1 WHERE pk > 1 AND pk > 2;
pk
SELECT /*+ bypass */ pk from t1 WHERE pk >= 1 AND pk >= 2;
pk
SELECT /*+ bypass */ pk from t1 WHERE pk > 1 AND pk >= 2;
pk
SELECT /*+ bypass */ pk from t1 WHERE pk >= 1 AND pk > 2;
pk
SELECT /*+ bypass */ pk from t1 WHERE pk > 1 AND pk >= 2;
pk
SELECT /*+ bypass */ pk from t1 WHERE pk < 1 AND pk < 2;
pk
SELECT /*+ bypass */ pk from t1 WHERE pk <= 1 AND pk <= 2;
pk
SELECT /*+ bypass */ pk from t1 WHERE pk < 1 AND pk <= 2;
pk
SELECT /*+ bypass */ pk from t1 WHERE pk <= 1 AND pk < 2;
pk
SELECT /*+ bypass */ a, b, c from t1 WHERE a > 0 and b > 0;
a	b	c
SELECT /*+ bypass */ a, b, c from t1 WHERE a > 0 and b in (1, 2);
a	b	c
SELECT /*+ bypass */ a, b, c from t1 WHERE a > 0 and b > 0 and c > 0;
a	b	c
SELECT @@rocksdb_select_bypass_fail_unsupported;
@@rocksdb_select_bypass_fail_unsupported
0
set global rocksdb_select_bypass_fail_unsupported=@save_fail_unsupported;
SELECT @@rocksdb_select_bypass_fail_unsupported;
@@rocksdb_select_bypass_fail_unsupported
1
set global rocksdb_select_bypass_rejected_query_history_size=0;
SELECT @@rocksdb_select_bypass_rejected_query_history_size;
@@rocksdb_select_bypass_rejected_query_history_size
0
drop table t1;
drop table t2;
drop table t3;
drop table t4;
