DROP TABLE IF EXISTS tbl1;
DROP DATABASE IF EXISTS cus_test;
CREATE DATABASE cus_test;
USE cus_test;
CREATE TABLE tbl1 (
col1 INT(6) UNSIGNED AUTO_INCREMENT PRIMARY KEY,
col2 INT(6) NOT NULL,
col3 INT(6) NOT NULL,
col4 INT(6) NOT NULL
);
Warnings:
Warning	1681	Integer display width is deprecated and will be removed in a future release.
Warning	1681	Integer display width is deprecated and will be removed in a future release.
Warning	1681	Integer display width is deprecated and will be removed in a future release.
Warning	1681	Integer display width is deprecated and will be removed in a future release.
INSERT INTO tbl1 (col2, col3, col4) VALUES (2,3,4);
INSERT INTO tbl1 (col2, col3, col4) VALUES (3,4,5);
INSERT INTO tbl1 (col2, col3, col4) VALUES (4,5,6);
SET GLOBAL column_stats_control = ON;
SET @start_value = @@global.performance_schema_esms_by_all;
SET @@global.performance_schema_esms_by_all = ON;
SELECT col1, col3, SUM(col2) AS s FROM tbl1 WHERE col2 >= 3 GROUP BY col1, col3;
col1	col3	s
2	4	3
3	5	4
SELECT col4, SUM(col2) AS s FROM tbl1 WHERE col2 >= 3 GROUP BY col4;
col4	s
5	3
6	4
SELECT col3, SUM(col2) AS s FROM tbl1 WHERE col1 >= 1 GROUP BY col3 HAVING s > 4;
col3	s
SELECT col4, SUM(col2) AS s FROM tbl1 WHERE col2 >= 3 GROUP BY col5;
ERROR 42S22: Unknown column 'col5' in 'group statement'
SELECT col1, col2 FROM tbl1 WHERE col4 > 1 AND col3 IN (1,2,3) ORDER BY col1 ASC, col2 DESC;
col1	col2
1	2
Number of distinct queries executed.
SELECT COUNT(DISTINCT SQL_ID) FROM performance_schema.column_statistics;
COUNT(DISTINCT SQL_ID)
4
Unique column accesses per table instance per SQL_ID
SELECT SQL_ID, DIGEST_TEXT, TABLE_SCHEMA, TABLE_NAME, COLUMN_NAME, SQL_OPERATION, OPERATOR_TYPE
FROM performance_schema.column_statistics cs, performance_schema.events_statements_summary_by_all mt, performance_schema.sql_text st
WHERE TABLE_SCHEMA <> 'performance_schema' AND cs.SQL_ID = mt.DIGEST AND cs.SQL_ID = st.DIGEST
ORDER BY SQL_ID, DIGEST_TEXT, TABLE_SCHEMA, TABLE_NAME, COLUMN_NAME, SQL_OPERATION, OPERATOR_TYPE;
SQL_ID	433eb7ac6b3f4f469fb273d07e0cd016
DIGEST_TEXT	SELECT `col1` , `col2` FROM `tbl1` WHERE `col4` > ? AND `col3` IN (...) ORDER BY `col1` ASC , `col2` DESC
TABLE_SCHEMA	cus_test
TABLE_NAME	tbl1
COLUMN_NAME	col1
SQL_OPERATION	ORDER_BY
OPERATOR_TYPE	SORT_ASCENDING
SQL_ID	433eb7ac6b3f4f469fb273d07e0cd016
DIGEST_TEXT	SELECT `col1` , `col2` FROM `tbl1` WHERE `col4` > ? AND `col3` IN (...) ORDER BY `col1` ASC , `col2` DESC
TABLE_SCHEMA	cus_test
TABLE_NAME	tbl1
COLUMN_NAME	col1
SQL_OPERATION	PROJECTION
OPERATOR_TYPE	NO_OP
SQL_ID	433eb7ac6b3f4f469fb273d07e0cd016
DIGEST_TEXT	SELECT `col1` , `col2` FROM `tbl1` WHERE `col4` > ? AND `col3` IN (...) ORDER BY `col1` ASC , `col2` DESC
TABLE_SCHEMA	cus_test
TABLE_NAME	tbl1
COLUMN_NAME	col2
SQL_OPERATION	ORDER_BY
OPERATOR_TYPE	SORT_DESCENDING
SQL_ID	433eb7ac6b3f4f469fb273d07e0cd016
DIGEST_TEXT	SELECT `col1` , `col2` FROM `tbl1` WHERE `col4` > ? AND `col3` IN (...) ORDER BY `col1` ASC , `col2` DESC
TABLE_SCHEMA	cus_test
TABLE_NAME	tbl1
COLUMN_NAME	col2
SQL_OPERATION	PROJECTION
OPERATOR_TYPE	NO_OP
SQL_ID	433eb7ac6b3f4f469fb273d07e0cd016
DIGEST_TEXT	SELECT `col1` , `col2` FROM `tbl1` WHERE `col4` > ? AND `col3` IN (...) ORDER BY `col1` ASC , `col2` DESC
TABLE_SCHEMA	cus_test
TABLE_NAME	tbl1
COLUMN_NAME	col3
SQL_OPERATION	FILTER
OPERATOR_TYPE	SET_MEMBERSHIP
SQL_ID	433eb7ac6b3f4f469fb273d07e0cd016
DIGEST_TEXT	SELECT `col1` , `col2` FROM `tbl1` WHERE `col4` > ? AND `col3` IN (...) ORDER BY `col1` ASC , `col2` DESC
TABLE_SCHEMA	cus_test
TABLE_NAME	tbl1
COLUMN_NAME	col4
SQL_OPERATION	FILTER
OPERATOR_TYPE	GREATER_THAN
SQL_ID	84b42f69c672164b61edb15a1a53628d
DIGEST_TEXT	SELECT `col3` , SUM ( `col2` ) AS `s` FROM `tbl1` WHERE `col1` >= ? GROUP BY `col3` HAVING `s` > ?
TABLE_SCHEMA	cus_test
TABLE_NAME	tbl1
COLUMN_NAME	col1
SQL_OPERATION	FILTER
OPERATOR_TYPE	GREATER_THAN_EQUAL
SQL_ID	84b42f69c672164b61edb15a1a53628d
DIGEST_TEXT	SELECT `col3` , SUM ( `col2` ) AS `s` FROM `tbl1` WHERE `col1` >= ? GROUP BY `col3` HAVING `s` > ?
TABLE_SCHEMA	cus_test
TABLE_NAME	tbl1
COLUMN_NAME	col3
SQL_OPERATION	GROUP_BY
OPERATOR_TYPE	UNKNOWN_OPERATOR
SQL_ID	84b42f69c672164b61edb15a1a53628d
DIGEST_TEXT	SELECT `col3` , SUM ( `col2` ) AS `s` FROM `tbl1` WHERE `col1` >= ? GROUP BY `col3` HAVING `s` > ?
TABLE_SCHEMA	cus_test
TABLE_NAME	tbl1
COLUMN_NAME	col3
SQL_OPERATION	PROJECTION
OPERATOR_TYPE	NO_OP
SQL_ID	b0f38b50a030b3d0054a6632ee76bf4c
DIGEST_TEXT	SELECT `col4` , SUM ( `col2` ) AS `s` FROM `tbl1` WHERE `col2` >= ? GROUP BY `col4`
TABLE_SCHEMA	cus_test
TABLE_NAME	tbl1
COLUMN_NAME	col2
SQL_OPERATION	FILTER
OPERATOR_TYPE	GREATER_THAN_EQUAL
SQL_ID	b0f38b50a030b3d0054a6632ee76bf4c
DIGEST_TEXT	SELECT `col4` , SUM ( `col2` ) AS `s` FROM `tbl1` WHERE `col2` >= ? GROUP BY `col4`
TABLE_SCHEMA	cus_test
TABLE_NAME	tbl1
COLUMN_NAME	col4
SQL_OPERATION	GROUP_BY
OPERATOR_TYPE	UNKNOWN_OPERATOR
SQL_ID	b0f38b50a030b3d0054a6632ee76bf4c
DIGEST_TEXT	SELECT `col4` , SUM ( `col2` ) AS `s` FROM `tbl1` WHERE `col2` >= ? GROUP BY `col4`
TABLE_SCHEMA	cus_test
TABLE_NAME	tbl1
COLUMN_NAME	col4
SQL_OPERATION	PROJECTION
OPERATOR_TYPE	NO_OP
SQL_ID	ed856b9d9cb5e6bd64f3e8762841999e
DIGEST_TEXT	SELECT `col1` , `col3` , SUM ( `col2` ) AS `s` FROM `tbl1` WHERE `col2` >= ? GROUP BY `col1` , `col3`
TABLE_SCHEMA	cus_test
TABLE_NAME	tbl1
COLUMN_NAME	col1
SQL_OPERATION	GROUP_BY
OPERATOR_TYPE	UNKNOWN_OPERATOR
SQL_ID	ed856b9d9cb5e6bd64f3e8762841999e
DIGEST_TEXT	SELECT `col1` , `col3` , SUM ( `col2` ) AS `s` FROM `tbl1` WHERE `col2` >= ? GROUP BY `col1` , `col3`
TABLE_SCHEMA	cus_test
TABLE_NAME	tbl1
COLUMN_NAME	col1
SQL_OPERATION	PROJECTION
OPERATOR_TYPE	NO_OP
SQL_ID	ed856b9d9cb5e6bd64f3e8762841999e
DIGEST_TEXT	SELECT `col1` , `col3` , SUM ( `col2` ) AS `s` FROM `tbl1` WHERE `col2` >= ? GROUP BY `col1` , `col3`
TABLE_SCHEMA	cus_test
TABLE_NAME	tbl1
COLUMN_NAME	col2
SQL_OPERATION	FILTER
OPERATOR_TYPE	GREATER_THAN_EQUAL
SQL_ID	ed856b9d9cb5e6bd64f3e8762841999e
DIGEST_TEXT	SELECT `col1` , `col3` , SUM ( `col2` ) AS `s` FROM `tbl1` WHERE `col2` >= ? GROUP BY `col1` , `col3`
TABLE_SCHEMA	cus_test
TABLE_NAME	tbl1
COLUMN_NAME	col3
SQL_OPERATION	GROUP_BY
OPERATOR_TYPE	UNKNOWN_OPERATOR
SQL_ID	ed856b9d9cb5e6bd64f3e8762841999e
DIGEST_TEXT	SELECT `col1` , `col3` , SUM ( `col2` ) AS `s` FROM `tbl1` WHERE `col2` >= ? GROUP BY `col1` , `col3`
TABLE_SCHEMA	cus_test
TABLE_NAME	tbl1
COLUMN_NAME	col3
SQL_OPERATION	PROJECTION
OPERATOR_TYPE	NO_OP
set global column_stats_control = OFF_HARD;
SET @@global.performance_schema_esms_by_all = @start_value;
DROP TABLE tbl1;
DROP DATABASE cus_test;
