DROP TABLE IF EXISTS tbl1;
DROP TABLE IF EXISTS tbl2;
DROP DATABASE IF EXISTS cus_test;
CREATE DATABASE cus_test;
USE cus_test;
CREATE TABLE tbl1 (
col1_1 INT UNSIGNED AUTO_INCREMENT PRIMARY KEY,
col1_2 INT NOT NULL,
col1_3 INT DEFAULT NULL,
col1_4 INT NOT NULL);
INSERT INTO tbl1 (col1_2, col1_3, col1_4) VALUES (2, 3, 4);
INSERT INTO tbl1 (col1_2, col1_3, col1_4) VALUES (3, NULL, 5);
INSERT INTO tbl1 (col1_2, col1_3, col1_4) VALUES (4, 5, 6);
CREATE TABLE tbl2 (col2_1 INT NOT NULL, col2_2 INT DEFAULT NULL);
INSERT INTO tbl2 (col2_1, col2_2) VALUES (2, 3);
INSERT INTO tbl2 (col2_1, col2_2) VALUES (5, NULL);
set global column_stats_control = ON;
SET @start_value = @@global.performance_schema_esms_by_all;
SET @@global.performance_schema_esms_by_all = ON;
4 combinations with outer expression and inner expression being NULL & NOT NULL
SELECT col1_1, col1_2 FROM tbl1 WHERE col1_3 IN (SELECT col2_2 FROM tbl2 WHERE col2_1 <> -1);
col1_1	col1_2
1	2
SELECT col1_1, col1_2 FROM tbl1 WHERE col1_3 IN (SELECT col2_1 FROM tbl2 WHERE col2_2 > -1);
col1_1	col1_2
SELECT col1_1, col1_2 FROM tbl1 WHERE col1_4 IN (SELECT col2_2 FROM tbl2 WHERE col2_1 <> -1);
col1_1	col1_2
SELECT col1_1, col1_2 FROM tbl1 WHERE col1_4 IN (SELECT col2_1 FROM tbl2 WHERE col2_2 > -1);
col1_1	col1_2
SELECT COUNT(DISTINCT SQL_ID) FROM performance_schema.column_statistics;
COUNT(DISTINCT SQL_ID)
4
SELECT SQL_ID, DIGEST_TEXT, TABLE_SCHEMA, TABLE_NAME, COLUMN_NAME, SQL_OPERATION, OPERATOR_TYPE
FROM performance_schema.column_statistics cs, performance_schema.events_statements_summary_by_all mt, performance_schema.sql_text st
WHERE TABLE_SCHEMA <> 'performance_schema' AND cs.SQL_ID = mt.DIGEST AND  cs.SQL_ID = st.DIGEST
ORDER BY SQL_ID, DIGEST_TEXT, TABLE_SCHEMA, TABLE_NAME, COLUMN_NAME, SQL_OPERATION, OPERATOR_TYPE;
SQL_ID	72fee22fb38385fb77117c301616c74c
DIGEST_TEXT	SELECT `col1_1` , `col1_2` FROM `tbl1` WHERE `col1_4` IN ( SELECT `col2_1` FROM `tbl2` WHERE `col2_2` > - ? )
TABLE_SCHEMA	cus_test
TABLE_NAME	tbl1
COLUMN_NAME	col1_1
SQL_OPERATION	PROJECTION
OPERATOR_TYPE	NO_OP
SQL_ID	72fee22fb38385fb77117c301616c74c
DIGEST_TEXT	SELECT `col1_1` , `col1_2` FROM `tbl1` WHERE `col1_4` IN ( SELECT `col2_1` FROM `tbl2` WHERE `col2_2` > - ? )
TABLE_SCHEMA	cus_test
TABLE_NAME	tbl1
COLUMN_NAME	col1_2
SQL_OPERATION	PROJECTION
OPERATOR_TYPE	NO_OP
SQL_ID	72fee22fb38385fb77117c301616c74c
DIGEST_TEXT	SELECT `col1_1` , `col1_2` FROM `tbl1` WHERE `col1_4` IN ( SELECT `col2_1` FROM `tbl2` WHERE `col2_2` > - ? )
TABLE_SCHEMA	cus_test
TABLE_NAME	tbl1
COLUMN_NAME	col1_4
SQL_OPERATION	TABLE_JOIN
OPERATOR_TYPE	EQUAL
SQL_ID	72fee22fb38385fb77117c301616c74c
DIGEST_TEXT	SELECT `col1_1` , `col1_2` FROM `tbl1` WHERE `col1_4` IN ( SELECT `col2_1` FROM `tbl2` WHERE `col2_2` > - ? )
TABLE_SCHEMA	cus_test
TABLE_NAME	tbl2
COLUMN_NAME	col2_1
SQL_OPERATION	TABLE_JOIN
OPERATOR_TYPE	EQUAL
SQL_ID	72fee22fb38385fb77117c301616c74c
DIGEST_TEXT	SELECT `col1_1` , `col1_2` FROM `tbl1` WHERE `col1_4` IN ( SELECT `col2_1` FROM `tbl2` WHERE `col2_2` > - ? )
TABLE_SCHEMA	cus_test
TABLE_NAME	tbl2
COLUMN_NAME	col2_2
SQL_OPERATION	FILTER
OPERATOR_TYPE	GREATER_THAN
SQL_ID	75535b617c79e9c43f6bf221378736bb
DIGEST_TEXT	SELECT `col1_1` , `col1_2` FROM `tbl1` WHERE `col1_3` IN ( SELECT `col2_1` FROM `tbl2` WHERE `col2_2` > - ? )
TABLE_SCHEMA	cus_test
TABLE_NAME	tbl1
COLUMN_NAME	col1_1
SQL_OPERATION	PROJECTION
OPERATOR_TYPE	NO_OP
SQL_ID	75535b617c79e9c43f6bf221378736bb
DIGEST_TEXT	SELECT `col1_1` , `col1_2` FROM `tbl1` WHERE `col1_3` IN ( SELECT `col2_1` FROM `tbl2` WHERE `col2_2` > - ? )
TABLE_SCHEMA	cus_test
TABLE_NAME	tbl1
COLUMN_NAME	col1_2
SQL_OPERATION	PROJECTION
OPERATOR_TYPE	NO_OP
SQL_ID	75535b617c79e9c43f6bf221378736bb
DIGEST_TEXT	SELECT `col1_1` , `col1_2` FROM `tbl1` WHERE `col1_3` IN ( SELECT `col2_1` FROM `tbl2` WHERE `col2_2` > - ? )
TABLE_SCHEMA	cus_test
TABLE_NAME	tbl1
COLUMN_NAME	col1_3
SQL_OPERATION	TABLE_JOIN
OPERATOR_TYPE	EQUAL
SQL_ID	75535b617c79e9c43f6bf221378736bb
DIGEST_TEXT	SELECT `col1_1` , `col1_2` FROM `tbl1` WHERE `col1_3` IN ( SELECT `col2_1` FROM `tbl2` WHERE `col2_2` > - ? )
TABLE_SCHEMA	cus_test
TABLE_NAME	tbl2
COLUMN_NAME	col2_1
SQL_OPERATION	TABLE_JOIN
OPERATOR_TYPE	EQUAL
SQL_ID	75535b617c79e9c43f6bf221378736bb
DIGEST_TEXT	SELECT `col1_1` , `col1_2` FROM `tbl1` WHERE `col1_3` IN ( SELECT `col2_1` FROM `tbl2` WHERE `col2_2` > - ? )
TABLE_SCHEMA	cus_test
TABLE_NAME	tbl2
COLUMN_NAME	col2_2
SQL_OPERATION	FILTER
OPERATOR_TYPE	GREATER_THAN
SQL_ID	7989ede63416c38f5cc5d2b6a27def07
DIGEST_TEXT	SELECT `col1_1` , `col1_2` FROM `tbl1` WHERE `col1_3` IN ( SELECT `col2_2` FROM `tbl2` WHERE `col2_1` != - ? )
TABLE_SCHEMA	cus_test
TABLE_NAME	tbl1
COLUMN_NAME	col1_1
SQL_OPERATION	PROJECTION
OPERATOR_TYPE	NO_OP
SQL_ID	7989ede63416c38f5cc5d2b6a27def07
DIGEST_TEXT	SELECT `col1_1` , `col1_2` FROM `tbl1` WHERE `col1_3` IN ( SELECT `col2_2` FROM `tbl2` WHERE `col2_1` != - ? )
TABLE_SCHEMA	cus_test
TABLE_NAME	tbl1
COLUMN_NAME	col1_2
SQL_OPERATION	PROJECTION
OPERATOR_TYPE	NO_OP
SQL_ID	7989ede63416c38f5cc5d2b6a27def07
DIGEST_TEXT	SELECT `col1_1` , `col1_2` FROM `tbl1` WHERE `col1_3` IN ( SELECT `col2_2` FROM `tbl2` WHERE `col2_1` != - ? )
TABLE_SCHEMA	cus_test
TABLE_NAME	tbl1
COLUMN_NAME	col1_3
SQL_OPERATION	TABLE_JOIN
OPERATOR_TYPE	EQUAL
SQL_ID	7989ede63416c38f5cc5d2b6a27def07
DIGEST_TEXT	SELECT `col1_1` , `col1_2` FROM `tbl1` WHERE `col1_3` IN ( SELECT `col2_2` FROM `tbl2` WHERE `col2_1` != - ? )
TABLE_SCHEMA	cus_test
TABLE_NAME	tbl2
COLUMN_NAME	col2_1
SQL_OPERATION	FILTER
OPERATOR_TYPE	NOT_EQUAL
SQL_ID	7989ede63416c38f5cc5d2b6a27def07
DIGEST_TEXT	SELECT `col1_1` , `col1_2` FROM `tbl1` WHERE `col1_3` IN ( SELECT `col2_2` FROM `tbl2` WHERE `col2_1` != - ? )
TABLE_SCHEMA	cus_test
TABLE_NAME	tbl2
COLUMN_NAME	col2_2
SQL_OPERATION	TABLE_JOIN
OPERATOR_TYPE	EQUAL
SQL_ID	c29fd4c8730b8d68c84084042189291d
DIGEST_TEXT	SELECT `col1_1` , `col1_2` FROM `tbl1` WHERE `col1_4` IN ( SELECT `col2_2` FROM `tbl2` WHERE `col2_1` != - ? )
TABLE_SCHEMA	cus_test
TABLE_NAME	tbl1
COLUMN_NAME	col1_1
SQL_OPERATION	PROJECTION
OPERATOR_TYPE	NO_OP
SQL_ID	c29fd4c8730b8d68c84084042189291d
DIGEST_TEXT	SELECT `col1_1` , `col1_2` FROM `tbl1` WHERE `col1_4` IN ( SELECT `col2_2` FROM `tbl2` WHERE `col2_1` != - ? )
TABLE_SCHEMA	cus_test
TABLE_NAME	tbl1
COLUMN_NAME	col1_2
SQL_OPERATION	PROJECTION
OPERATOR_TYPE	NO_OP
SQL_ID	c29fd4c8730b8d68c84084042189291d
DIGEST_TEXT	SELECT `col1_1` , `col1_2` FROM `tbl1` WHERE `col1_4` IN ( SELECT `col2_2` FROM `tbl2` WHERE `col2_1` != - ? )
TABLE_SCHEMA	cus_test
TABLE_NAME	tbl1
COLUMN_NAME	col1_4
SQL_OPERATION	TABLE_JOIN
OPERATOR_TYPE	EQUAL
SQL_ID	c29fd4c8730b8d68c84084042189291d
DIGEST_TEXT	SELECT `col1_1` , `col1_2` FROM `tbl1` WHERE `col1_4` IN ( SELECT `col2_2` FROM `tbl2` WHERE `col2_1` != - ? )
TABLE_SCHEMA	cus_test
TABLE_NAME	tbl2
COLUMN_NAME	col2_1
SQL_OPERATION	FILTER
OPERATOR_TYPE	NOT_EQUAL
SQL_ID	c29fd4c8730b8d68c84084042189291d
DIGEST_TEXT	SELECT `col1_1` , `col1_2` FROM `tbl1` WHERE `col1_4` IN ( SELECT `col2_2` FROM `tbl2` WHERE `col2_1` != - ? )
TABLE_SCHEMA	cus_test
TABLE_NAME	tbl2
COLUMN_NAME	col2_2
SQL_OPERATION	TABLE_JOIN
OPERATOR_TYPE	EQUAL
set global column_stats_control = OFF_HARD;
SET @@global.performance_schema_esms_by_all = @start_value;
DROP TABLE tbl1;
DROP TABLE tbl2;
DROP DATABASE cus_test;
