DROP TABLE IF EXISTS tbl1;
DROP TABLE IF EXISTS tbl2;
DROP DATABASE IF EXISTS cus_test;
CREATE DATABASE cus_test;
USE cus_test;
CREATE TABLE tbl1 (
col1_1 INT UNSIGNED AUTO_INCREMENT PRIMARY KEY,
col1_2 INT NOT NULL,
col1_3 INT NOT NULL,
col1_4 INT NOT NULL);
INSERT INTO tbl1 (col1_2, col1_3, col1_4) VALUES (2, 3, 4);
INSERT INTO tbl1 (col1_2, col1_3, col1_4) VALUES (3, 4, 5);
INSERT INTO tbl1 (col1_2, col1_3, col1_4) VALUES (4, 5, 6);
CREATE TABLE tbl2 (col2_1 INT NOT NULL, col2_2 INT NOT NULL);
INSERT INTO tbl2 (col2_1, col2_2) VALUES (2, 3);
CREATE TABLE tbl3 (
col1_1 INT UNSIGNED AUTO_INCREMENT PRIMARY KEY,
col1_2 INT NOT NULL,
col3_3 INT NOT NULL);
INSERT INTO tbl3 (col1_2, col3_3) VALUES (2, 83);
INSERT INTO tbl3 (col1_2, col3_3) VALUES (3, 84);
INSERT INTO tbl3 (col1_2, col3_3) VALUES (4, 85);
set global column_stats_control = ON;
SELECT col1_1, col1_2 FROM tbl1 WHERE col1_2 IN (1, 4, 3) UNION SELECT col2_1, col2_2 FROM tbl2 WHERE col2_1 > 4 AND col2_2 <= 5;
col1_1	col1_2
2	3
3	4
SELECT col1_1, col1_2 FROM tbl1 WHERE col1_2 NOT IN (81, 4, 7) UNION
SELECT col2_1, col2_2 FROM tbl2 WHERE col2_1 > 4 AND col2_2 <= 5 UNION ALL
SELECT col1_2, col3_3 FROM tbl3 WHERE col1_1 IS NOT NULL;
col1_1	col1_2
1	2
2	3
2	83
3	84
4	85
SELECT COUNT(DISTINCT SQL_ID) FROM performance_schema.column_statistics;
COUNT(DISTINCT SQL_ID)
2
SELECT SQL_ID, TABLE_SCHEMA, TABLE_NAME, COLUMN_NAME, SQL_OPERATION, OPERATOR_TYPE
FROM performance_schema.column_statistics;
SQL_ID	TABLE_SCHEMA	TABLE_NAME	COLUMN_NAME	SQL_OPERATION	OPERATOR_TYPE
2c5135d2002d5cf33083eeab67f159c2	cus_test	tbl1	col1_2	FILTER	SET_MEMBERSHIP
2c5135d2002d5cf33083eeab67f159c2	cus_test	tbl2	col2_1	FILTER	GREATER_THAN
2c5135d2002d5cf33083eeab67f159c2	cus_test	tbl2	col2_2	FILTER	LESS_THAN_EQUAL
2c5135d2002d5cf33083eeab67f159c2	cus_test	tbl3	col1_1	FILTER	NULL_CHECK
811bc2c98631c48d2312caa76764c4cc	cus_test	tbl1	col1_2	FILTER	SET_MEMBERSHIP
811bc2c98631c48d2312caa76764c4cc	cus_test	tbl2	col2_1	FILTER	GREATER_THAN
811bc2c98631c48d2312caa76764c4cc	cus_test	tbl2	col2_2	FILTER	LESS_THAN_EQUAL
set global column_stats_control = OFF_HARD;
DROP TABLE tbl1;
DROP TABLE tbl2;
DROP TABLE tbl3;
DROP DATABASE cus_test;
