# -----------------------------------------------------------------------
# Setup
# Saving initial values
SET @global_start_value = @@global.transaction_isolation;
SELECT @global_start_value;
@global_start_value
REPEATABLE-READ
SET @session_start_value = @@session.transaction_isolation;
SELECT @session_start_value;
@session_start_value
REPEATABLE-READ
# Setting transaction isolation to 'REPEATABLE-READ'
SET GLOBAL transaction_isolation = 'REPEATABLE-READ';
# -----------------------------------------------------------------------
# ACL DDLs + Blocking READs
CREATE USER u1 IDENTIFIED BY 'abcd';
GRANT SELECT, UPDATE ON *.* TO u1;
connect conn_u1, localhost, u1, abcd,,,;
SET @@autocommit=0;
connect conn_root_1, localhost, root,,,,;
SET @@lock_wait_timeout=1;
connection conn_u1;
SELECT COUNT(*) FROM mysql.user WHERE user LIKE 'u1' FOR UPDATE;;
COUNT(*)
1
connection conn_root_1;
CREATE USER u2;
ERROR HY000: Lock wait timeout exceeded; try restarting transaction: Timeout on table metadata: mysql.user
CREATE ROLE r1;
ERROR HY000: Lock wait timeout exceeded; try restarting transaction: Timeout on table metadata: mysql.user
GRANT SELECT ON *.* TO r1;
ERROR HY000: Lock wait timeout exceeded; try restarting transaction: Timeout on table metadata: mysql.user
GRANT r1 TO u2;
ERROR HY000: Lock wait timeout exceeded; try restarting transaction: Timeout on table metadata: mysql.user
SET DEFAULT ROLE r1 TO u2;
ERROR HY000: Lock wait timeout exceeded; try restarting transaction: Timeout on table metadata: mysql.user
ALTER USER u2 IDENTIFIED BY 'abcd';
ERROR HY000: Lock wait timeout exceeded; try restarting transaction: Timeout on table metadata: mysql.user
RENAME USER u2 TO u3;
ERROR HY000: Lock wait timeout exceeded; try restarting transaction: Timeout on table metadata: mysql.user
SET PASSWORD FOR u2 = 'abcd';
ERROR HY000: Lock wait timeout exceeded; try restarting transaction: Timeout on table metadata: mysql.user
REVOKE r1 FROM u2;
ERROR HY000: Lock wait timeout exceeded; try restarting transaction: Timeout on table metadata: mysql.user
REVOKE SELECT ON *.* FROM r1;
ERROR HY000: Lock wait timeout exceeded; try restarting transaction: Timeout on table metadata: mysql.user
DROP ROLE r1;
ERROR HY000: Lock wait timeout exceeded; try restarting transaction: Timeout on table metadata: mysql.user
DROP USER u2;
ERROR HY000: Lock wait timeout exceeded; try restarting transaction: Timeout on table metadata: mysql.user
connection conn_u1;
ROLLBACK;
connection conn_root_1;
CREATE USER u2;
CREATE ROLE r1;
GRANT SELECT ON *.* TO r1;
GRANT r1 TO u2;
SET DEFAULT ROLE r1 TO u2;
ALTER USER u2 IDENTIFIED BY 'abcd';
RENAME USER u2 TO u3;
RENAME USER u3 TO u2;
SET PASSWORD FOR u2 = 'abcd';
REVOKE r1 FROM u2;
REVOKE SELECT ON *.* FROM r1;
DROP ROLE r1;
DROP USER u2;
connection default;
disconnect conn_root_1;
disconnect conn_u1;
DROP USER u1;
CREATE USER u1 IDENTIFIED BY 'abcd';
GRANT SELECT, UPDATE ON *.* TO u1;
connect conn_u1, localhost, u1, abcd,,,;
SET @@autocommit=0;
connect conn_root_1, localhost, root,,,,;
SET @@lock_wait_timeout=1;
connection conn_u1;
SELECT COUNT(*) FROM mysql.db WHERE user LIKE 'u1' FOR UPDATE;;
COUNT(*)
0
connection conn_root_1;
CREATE USER u2;
ERROR HY000: Lock wait timeout exceeded; try restarting transaction: Timeout on table metadata: mysql.db
CREATE ROLE r1;
ERROR HY000: Lock wait timeout exceeded; try restarting transaction: Timeout on table metadata: mysql.db
GRANT SELECT ON *.* TO r1;
ERROR HY000: Lock wait timeout exceeded; try restarting transaction: Timeout on table metadata: mysql.db
GRANT r1 TO u2;
ERROR HY000: Lock wait timeout exceeded; try restarting transaction: Timeout on table metadata: mysql.db
SET DEFAULT ROLE r1 TO u2;
ERROR HY000: Lock wait timeout exceeded; try restarting transaction: Timeout on table metadata: mysql.db
ALTER USER u2 IDENTIFIED BY 'abcd';
ERROR HY000: Lock wait timeout exceeded; try restarting transaction: Timeout on table metadata: mysql.db
RENAME USER u2 TO u3;
ERROR HY000: Lock wait timeout exceeded; try restarting transaction: Timeout on table metadata: mysql.db
SET PASSWORD FOR u2 = 'abcd';
ERROR HY000: Lock wait timeout exceeded; try restarting transaction: Timeout on table metadata: mysql.db
REVOKE r1 FROM u2;
ERROR HY000: Lock wait timeout exceeded; try restarting transaction: Timeout on table metadata: mysql.db
REVOKE SELECT ON *.* FROM r1;
ERROR HY000: Lock wait timeout exceeded; try restarting transaction: Timeout on table metadata: mysql.db
DROP ROLE r1;
ERROR HY000: Lock wait timeout exceeded; try restarting transaction: Timeout on table metadata: mysql.db
DROP USER u2;
ERROR HY000: Lock wait timeout exceeded; try restarting transaction: Timeout on table metadata: mysql.db
connection conn_u1;
ROLLBACK;
connection conn_root_1;
CREATE USER u2;
CREATE ROLE r1;
GRANT SELECT ON *.* TO r1;
GRANT r1 TO u2;
SET DEFAULT ROLE r1 TO u2;
ALTER USER u2 IDENTIFIED BY 'abcd';
RENAME USER u2 TO u3;
RENAME USER u3 TO u2;
SET PASSWORD FOR u2 = 'abcd';
REVOKE r1 FROM u2;
REVOKE SELECT ON *.* FROM r1;
DROP ROLE r1;
DROP USER u2;
connection default;
disconnect conn_root_1;
disconnect conn_u1;
DROP USER u1;
CREATE USER u1 IDENTIFIED BY 'abcd';
GRANT SELECT, UPDATE ON *.* TO u1;
connect conn_u1, localhost, u1, abcd,,,;
SET @@autocommit=0;
connect conn_root_1, localhost, root,,,,;
SET @@lock_wait_timeout=1;
connection conn_u1;
SELECT COUNT(*) FROM mysql.default_roles WHERE user LIKE 'u1' FOR UPDATE;;
COUNT(*)
0
connection conn_root_1;
CREATE USER u2;
ERROR HY000: Lock wait timeout exceeded; try restarting transaction: Timeout on table metadata: mysql.default_roles
CREATE ROLE r1;
ERROR HY000: Lock wait timeout exceeded; try restarting transaction: Timeout on table metadata: mysql.default_roles
GRANT SELECT ON *.* TO r1;
ERROR HY000: Lock wait timeout exceeded; try restarting transaction: Timeout on table metadata: mysql.default_roles
GRANT r1 TO u2;
ERROR HY000: Lock wait timeout exceeded; try restarting transaction: Timeout on table metadata: mysql.default_roles
SET DEFAULT ROLE r1 TO u2;
ERROR HY000: Lock wait timeout exceeded; try restarting transaction: Timeout on table metadata: mysql.default_roles
ALTER USER u2 IDENTIFIED BY 'abcd';
ERROR HY000: Lock wait timeout exceeded; try restarting transaction: Timeout on table metadata: mysql.default_roles
RENAME USER u2 TO u3;
ERROR HY000: Lock wait timeout exceeded; try restarting transaction: Timeout on table metadata: mysql.default_roles
SET PASSWORD FOR u2 = 'abcd';
ERROR HY000: Lock wait timeout exceeded; try restarting transaction: Timeout on table metadata: mysql.default_roles
REVOKE r1 FROM u2;
ERROR HY000: Lock wait timeout exceeded; try restarting transaction: Timeout on table metadata: mysql.default_roles
REVOKE SELECT ON *.* FROM r1;
ERROR HY000: Lock wait timeout exceeded; try restarting transaction: Timeout on table metadata: mysql.default_roles
DROP ROLE r1;
ERROR HY000: Lock wait timeout exceeded; try restarting transaction: Timeout on table metadata: mysql.default_roles
DROP USER u2;
ERROR HY000: Lock wait timeout exceeded; try restarting transaction: Timeout on table metadata: mysql.default_roles
connection conn_u1;
ROLLBACK;
connection conn_root_1;
CREATE USER u2;
CREATE ROLE r1;
GRANT SELECT ON *.* TO r1;
GRANT r1 TO u2;
SET DEFAULT ROLE r1 TO u2;
ALTER USER u2 IDENTIFIED BY 'abcd';
RENAME USER u2 TO u3;
RENAME USER u3 TO u2;
SET PASSWORD FOR u2 = 'abcd';
REVOKE r1 FROM u2;
REVOKE SELECT ON *.* FROM r1;
DROP ROLE r1;
DROP USER u2;
connection default;
disconnect conn_root_1;
disconnect conn_u1;
DROP USER u1;
CREATE USER u1 IDENTIFIED BY 'abcd';
GRANT SELECT, UPDATE ON *.* TO u1;
connect conn_u1, localhost, u1, abcd,,,;
SET @@autocommit=0;
connect conn_root_1, localhost, root,,,,;
SET @@lock_wait_timeout=1;
connection conn_u1;
SELECT COUNT(*) FROM mysql.role_edges WHERE from_user LIKE 'u1' FOR UPDATE;;
COUNT(*)
0
connection conn_root_1;
CREATE USER u2;
ERROR HY000: Lock wait timeout exceeded; try restarting transaction: Timeout on table metadata: mysql.role_edges
CREATE ROLE r1;
ERROR HY000: Lock wait timeout exceeded; try restarting transaction: Timeout on table metadata: mysql.role_edges
GRANT SELECT ON *.* TO r1;
ERROR HY000: Lock wait timeout exceeded; try restarting transaction: Timeout on table metadata: mysql.role_edges
GRANT r1 TO u2;
ERROR HY000: Lock wait timeout exceeded; try restarting transaction: Timeout on table metadata: mysql.role_edges
SET DEFAULT ROLE r1 TO u2;
ERROR HY000: Lock wait timeout exceeded; try restarting transaction: Timeout on table metadata: mysql.role_edges
ALTER USER u2 IDENTIFIED BY 'abcd';
ERROR HY000: Lock wait timeout exceeded; try restarting transaction: Timeout on table metadata: mysql.role_edges
RENAME USER u2 TO u3;
ERROR HY000: Lock wait timeout exceeded; try restarting transaction: Timeout on table metadata: mysql.role_edges
SET PASSWORD FOR u2 = 'abcd';
ERROR HY000: Lock wait timeout exceeded; try restarting transaction: Timeout on table metadata: mysql.role_edges
REVOKE r1 FROM u2;
ERROR HY000: Lock wait timeout exceeded; try restarting transaction: Timeout on table metadata: mysql.role_edges
REVOKE SELECT ON *.* FROM r1;
ERROR HY000: Lock wait timeout exceeded; try restarting transaction: Timeout on table metadata: mysql.role_edges
DROP ROLE r1;
ERROR HY000: Lock wait timeout exceeded; try restarting transaction: Timeout on table metadata: mysql.role_edges
DROP USER u2;
ERROR HY000: Lock wait timeout exceeded; try restarting transaction: Timeout on table metadata: mysql.role_edges
connection conn_u1;
ROLLBACK;
connection conn_root_1;
CREATE USER u2;
CREATE ROLE r1;
GRANT SELECT ON *.* TO r1;
GRANT r1 TO u2;
SET DEFAULT ROLE r1 TO u2;
ALTER USER u2 IDENTIFIED BY 'abcd';
RENAME USER u2 TO u3;
RENAME USER u3 TO u2;
SET PASSWORD FOR u2 = 'abcd';
REVOKE r1 FROM u2;
REVOKE SELECT ON *.* FROM r1;
DROP ROLE r1;
DROP USER u2;
connection default;
disconnect conn_root_1;
disconnect conn_u1;
DROP USER u1;
CREATE USER u1 IDENTIFIED BY 'abcd';
GRANT SELECT, UPDATE ON *.* TO u1;
connect conn_u1, localhost, u1, abcd,,,;
SET @@autocommit=0;
connect conn_root_1, localhost, root,,,,;
SET @@lock_wait_timeout=1;
connection conn_u1;
SELECT COUNT(*) FROM mysql.global_grants WHERE user LIKE 'u1' FOR UPDATE;;
COUNT(*)
0
connection conn_root_1;
CREATE USER u2;
ERROR HY000: Lock wait timeout exceeded; try restarting transaction: Timeout on table metadata: mysql.global_grants
CREATE ROLE r1;
ERROR HY000: Lock wait timeout exceeded; try restarting transaction: Timeout on table metadata: mysql.global_grants
GRANT SELECT ON *.* TO r1;
ERROR HY000: Lock wait timeout exceeded; try restarting transaction: Timeout on table metadata: mysql.global_grants
GRANT r1 TO u2;
ERROR HY000: Lock wait timeout exceeded; try restarting transaction: Timeout on table metadata: mysql.global_grants
SET DEFAULT ROLE r1 TO u2;
ERROR HY000: Lock wait timeout exceeded; try restarting transaction: Timeout on table metadata: mysql.global_grants
ALTER USER u2 IDENTIFIED BY 'abcd';
ERROR HY000: Lock wait timeout exceeded; try restarting transaction: Timeout on table metadata: mysql.global_grants
RENAME USER u2 TO u3;
ERROR HY000: Lock wait timeout exceeded; try restarting transaction: Timeout on table metadata: mysql.global_grants
SET PASSWORD FOR u2 = 'abcd';
ERROR HY000: Lock wait timeout exceeded; try restarting transaction: Timeout on table metadata: mysql.global_grants
REVOKE r1 FROM u2;
ERROR HY000: Lock wait timeout exceeded; try restarting transaction: Timeout on table metadata: mysql.global_grants
REVOKE SELECT ON *.* FROM r1;
ERROR HY000: Lock wait timeout exceeded; try restarting transaction: Timeout on table metadata: mysql.global_grants
DROP ROLE r1;
ERROR HY000: Lock wait timeout exceeded; try restarting transaction: Timeout on table metadata: mysql.global_grants
DROP USER u2;
ERROR HY000: Lock wait timeout exceeded; try restarting transaction: Timeout on table metadata: mysql.global_grants
connection conn_u1;
ROLLBACK;
connection conn_root_1;
CREATE USER u2;
CREATE ROLE r1;
GRANT SELECT ON *.* TO r1;
GRANT r1 TO u2;
SET DEFAULT ROLE r1 TO u2;
ALTER USER u2 IDENTIFIED BY 'abcd';
RENAME USER u2 TO u3;
RENAME USER u3 TO u2;
SET PASSWORD FOR u2 = 'abcd';
REVOKE r1 FROM u2;
REVOKE SELECT ON *.* FROM r1;
DROP ROLE r1;
DROP USER u2;
connection default;
disconnect conn_root_1;
disconnect conn_u1;
DROP USER u1;
CREATE USER u1 IDENTIFIED BY 'abcd';
GRANT SELECT, UPDATE ON *.* TO u1;
connect conn_u1, localhost, u1, abcd,,,;
SET @@autocommit=0;
connect conn_root_1, localhost, root,,,,;
SET @@lock_wait_timeout=1;
connection conn_u1;
SELECT COUNT(*) FROM mysql.global_grants WHERE user LIKE 'u1' FOR UPDATE;;
COUNT(*)
0
connection conn_root_1;
CREATE USER u2;
ERROR HY000: Lock wait timeout exceeded; try restarting transaction: Timeout on table metadata: mysql.global_grants
CREATE ROLE r1;
ERROR HY000: Lock wait timeout exceeded; try restarting transaction: Timeout on table metadata: mysql.global_grants
GRANT SELECT ON *.* TO r1;
ERROR HY000: Lock wait timeout exceeded; try restarting transaction: Timeout on table metadata: mysql.global_grants
GRANT r1 TO u2;
ERROR HY000: Lock wait timeout exceeded; try restarting transaction: Timeout on table metadata: mysql.global_grants
SET DEFAULT ROLE r1 TO u2;
ERROR HY000: Lock wait timeout exceeded; try restarting transaction: Timeout on table metadata: mysql.global_grants
ALTER USER u2 IDENTIFIED BY 'abcd';
ERROR HY000: Lock wait timeout exceeded; try restarting transaction: Timeout on table metadata: mysql.global_grants
RENAME USER u2 TO u3;
ERROR HY000: Lock wait timeout exceeded; try restarting transaction: Timeout on table metadata: mysql.global_grants
SET PASSWORD FOR u2 = 'abcd';
ERROR HY000: Lock wait timeout exceeded; try restarting transaction: Timeout on table metadata: mysql.global_grants
REVOKE r1 FROM u2;
ERROR HY000: Lock wait timeout exceeded; try restarting transaction: Timeout on table metadata: mysql.global_grants
REVOKE SELECT ON *.* FROM r1;
ERROR HY000: Lock wait timeout exceeded; try restarting transaction: Timeout on table metadata: mysql.global_grants
DROP ROLE r1;
ERROR HY000: Lock wait timeout exceeded; try restarting transaction: Timeout on table metadata: mysql.global_grants
DROP USER u2;
ERROR HY000: Lock wait timeout exceeded; try restarting transaction: Timeout on table metadata: mysql.global_grants
connection conn_u1;
ROLLBACK;
connection conn_root_1;
CREATE USER u2;
CREATE ROLE r1;
GRANT SELECT ON *.* TO r1;
GRANT r1 TO u2;
SET DEFAULT ROLE r1 TO u2;
ALTER USER u2 IDENTIFIED BY 'abcd';
RENAME USER u2 TO u3;
RENAME USER u3 TO u2;
SET PASSWORD FOR u2 = 'abcd';
REVOKE r1 FROM u2;
REVOKE SELECT ON *.* FROM r1;
DROP ROLE r1;
DROP USER u2;
connection default;
disconnect conn_root_1;
disconnect conn_u1;
DROP USER u1;
CREATE USER u1 IDENTIFIED BY 'abcd';
GRANT SELECT, UPDATE ON *.* TO u1;
connect conn_u1, localhost, u1, abcd,,,;
SET @@autocommit=0;
connect conn_root_1, localhost, root,,,,;
SET @@lock_wait_timeout=1;
connection conn_u1;
SELECT COUNT(*) FROM mysql.password_history WHERE user LIKE 'u1' FOR UPDATE;;
COUNT(*)
0
connection conn_root_1;
CREATE USER u2;
ERROR HY000: Lock wait timeout exceeded; try restarting transaction: Timeout on table metadata: mysql.password_history
CREATE ROLE r1;
ERROR HY000: Lock wait timeout exceeded; try restarting transaction: Timeout on table metadata: mysql.password_history
GRANT SELECT ON *.* TO r1;
ERROR HY000: Lock wait timeout exceeded; try restarting transaction: Timeout on table metadata: mysql.password_history
GRANT r1 TO u2;
ERROR HY000: Lock wait timeout exceeded; try restarting transaction: Timeout on table metadata: mysql.password_history
SET DEFAULT ROLE r1 TO u2;
ERROR HY000: Lock wait timeout exceeded; try restarting transaction: Timeout on table metadata: mysql.password_history
ALTER USER u2 IDENTIFIED BY 'abcd';
ERROR HY000: Lock wait timeout exceeded; try restarting transaction: Timeout on table metadata: mysql.password_history
RENAME USER u2 TO u3;
ERROR HY000: Lock wait timeout exceeded; try restarting transaction: Timeout on table metadata: mysql.password_history
SET PASSWORD FOR u2 = 'abcd';
ERROR HY000: Lock wait timeout exceeded; try restarting transaction: Timeout on table metadata: mysql.password_history
REVOKE r1 FROM u2;
ERROR HY000: Lock wait timeout exceeded; try restarting transaction: Timeout on table metadata: mysql.password_history
REVOKE SELECT ON *.* FROM r1;
ERROR HY000: Lock wait timeout exceeded; try restarting transaction: Timeout on table metadata: mysql.password_history
DROP ROLE r1;
ERROR HY000: Lock wait timeout exceeded; try restarting transaction: Timeout on table metadata: mysql.password_history
DROP USER u2;
ERROR HY000: Lock wait timeout exceeded; try restarting transaction: Timeout on table metadata: mysql.password_history
connection conn_u1;
ROLLBACK;
connection conn_root_1;
CREATE USER u2;
CREATE ROLE r1;
GRANT SELECT ON *.* TO r1;
GRANT r1 TO u2;
SET DEFAULT ROLE r1 TO u2;
ALTER USER u2 IDENTIFIED BY 'abcd';
RENAME USER u2 TO u3;
RENAME USER u3 TO u2;
SET PASSWORD FOR u2 = 'abcd';
REVOKE r1 FROM u2;
REVOKE SELECT ON *.* FROM r1;
DROP ROLE r1;
DROP USER u2;
connection default;
disconnect conn_root_1;
disconnect conn_u1;
DROP USER u1;
CREATE USER u1 IDENTIFIED BY 'abcd';
GRANT SELECT, UPDATE ON *.* TO u1;
connect conn_u1, localhost, u1, abcd,,,;
SET @@autocommit=0;
connect conn_root_1, localhost, root,,,,;
SET @@lock_wait_timeout=1;
connection conn_u1;
SELECT COUNT(*) FROM mysql.tables_priv WHERE user LIKE 'u1' FOR UPDATE;;
COUNT(*)
0
connection conn_root_1;
CREATE USER u2;
ERROR HY000: Lock wait timeout exceeded; try restarting transaction: Timeout on table metadata: mysql.tables_priv
CREATE ROLE r1;
ERROR HY000: Lock wait timeout exceeded; try restarting transaction: Timeout on table metadata: mysql.tables_priv
GRANT SELECT ON *.* TO r1;
ERROR HY000: Lock wait timeout exceeded; try restarting transaction: Timeout on table metadata: mysql.tables_priv
GRANT r1 TO u2;
ERROR HY000: Lock wait timeout exceeded; try restarting transaction: Timeout on table metadata: mysql.tables_priv
SET DEFAULT ROLE r1 TO u2;
ERROR HY000: Lock wait timeout exceeded; try restarting transaction: Timeout on table metadata: mysql.tables_priv
ALTER USER u2 IDENTIFIED BY 'abcd';
ERROR HY000: Lock wait timeout exceeded; try restarting transaction: Timeout on table metadata: mysql.tables_priv
RENAME USER u2 TO u3;
ERROR HY000: Lock wait timeout exceeded; try restarting transaction: Timeout on table metadata: mysql.tables_priv
SET PASSWORD FOR u2 = 'abcd';
ERROR HY000: Lock wait timeout exceeded; try restarting transaction: Timeout on table metadata: mysql.tables_priv
REVOKE r1 FROM u2;
ERROR HY000: Lock wait timeout exceeded; try restarting transaction: Timeout on table metadata: mysql.tables_priv
REVOKE SELECT ON *.* FROM r1;
ERROR HY000: Lock wait timeout exceeded; try restarting transaction: Timeout on table metadata: mysql.tables_priv
DROP ROLE r1;
ERROR HY000: Lock wait timeout exceeded; try restarting transaction: Timeout on table metadata: mysql.tables_priv
DROP USER u2;
ERROR HY000: Lock wait timeout exceeded; try restarting transaction: Timeout on table metadata: mysql.tables_priv
connection conn_u1;
ROLLBACK;
connection conn_root_1;
CREATE USER u2;
CREATE ROLE r1;
GRANT SELECT ON *.* TO r1;
GRANT r1 TO u2;
SET DEFAULT ROLE r1 TO u2;
ALTER USER u2 IDENTIFIED BY 'abcd';
RENAME USER u2 TO u3;
RENAME USER u3 TO u2;
SET PASSWORD FOR u2 = 'abcd';
REVOKE r1 FROM u2;
REVOKE SELECT ON *.* FROM r1;
DROP ROLE r1;
DROP USER u2;
connection default;
disconnect conn_root_1;
disconnect conn_u1;
DROP USER u1;
CREATE USER u1 IDENTIFIED BY 'abcd';
GRANT SELECT, UPDATE ON *.* TO u1;
connect conn_u1, localhost, u1, abcd,,,;
SET @@autocommit=0;
connect conn_root_1, localhost, root,,,,;
SET @@lock_wait_timeout=1;
connection conn_u1;
SELECT COUNT(*) FROM mysql.columns_priv WHERE user LIKE 'u1' FOR UPDATE;;
COUNT(*)
0
connection conn_root_1;
CREATE USER u2;
ERROR HY000: Lock wait timeout exceeded; try restarting transaction: Timeout on table metadata: mysql.columns_priv
CREATE ROLE r1;
ERROR HY000: Lock wait timeout exceeded; try restarting transaction: Timeout on table metadata: mysql.columns_priv
GRANT SELECT ON *.* TO r1;
ERROR HY000: Lock wait timeout exceeded; try restarting transaction: Timeout on table metadata: mysql.columns_priv
GRANT r1 TO u2;
ERROR HY000: Lock wait timeout exceeded; try restarting transaction: Timeout on table metadata: mysql.columns_priv
SET DEFAULT ROLE r1 TO u2;
ERROR HY000: Lock wait timeout exceeded; try restarting transaction: Timeout on table metadata: mysql.columns_priv
ALTER USER u2 IDENTIFIED BY 'abcd';
ERROR HY000: Lock wait timeout exceeded; try restarting transaction: Timeout on table metadata: mysql.columns_priv
RENAME USER u2 TO u3;
ERROR HY000: Lock wait timeout exceeded; try restarting transaction: Timeout on table metadata: mysql.columns_priv
SET PASSWORD FOR u2 = 'abcd';
ERROR HY000: Lock wait timeout exceeded; try restarting transaction: Timeout on table metadata: mysql.columns_priv
REVOKE r1 FROM u2;
ERROR HY000: Lock wait timeout exceeded; try restarting transaction: Timeout on table metadata: mysql.columns_priv
REVOKE SELECT ON *.* FROM r1;
ERROR HY000: Lock wait timeout exceeded; try restarting transaction: Timeout on table metadata: mysql.columns_priv
DROP ROLE r1;
ERROR HY000: Lock wait timeout exceeded; try restarting transaction: Timeout on table metadata: mysql.columns_priv
DROP USER u2;
ERROR HY000: Lock wait timeout exceeded; try restarting transaction: Timeout on table metadata: mysql.columns_priv
connection conn_u1;
ROLLBACK;
connection conn_root_1;
CREATE USER u2;
CREATE ROLE r1;
GRANT SELECT ON *.* TO r1;
GRANT r1 TO u2;
SET DEFAULT ROLE r1 TO u2;
ALTER USER u2 IDENTIFIED BY 'abcd';
RENAME USER u2 TO u3;
RENAME USER u3 TO u2;
SET PASSWORD FOR u2 = 'abcd';
REVOKE r1 FROM u2;
REVOKE SELECT ON *.* FROM r1;
DROP ROLE r1;
DROP USER u2;
connection default;
disconnect conn_root_1;
disconnect conn_u1;
DROP USER u1;
CREATE USER u1 IDENTIFIED BY 'abcd';
GRANT SELECT, UPDATE ON *.* TO u1;
connect conn_u1, localhost, u1, abcd,,,;
SET @@autocommit=0;
connect conn_root_1, localhost, root,,,,;
SET @@lock_wait_timeout=1;
connection conn_u1;
SELECT COUNT(*) FROM mysql.procs_priv WHERE user LIKE 'u1' FOR UPDATE;;
COUNT(*)
0
connection conn_root_1;
CREATE USER u2;
ERROR HY000: Lock wait timeout exceeded; try restarting transaction: Timeout on table metadata: mysql.procs_priv
CREATE ROLE r1;
ERROR HY000: Lock wait timeout exceeded; try restarting transaction: Timeout on table metadata: mysql.procs_priv
GRANT SELECT ON *.* TO r1;
ERROR HY000: Lock wait timeout exceeded; try restarting transaction: Timeout on table metadata: mysql.procs_priv
GRANT r1 TO u2;
ERROR HY000: Lock wait timeout exceeded; try restarting transaction: Timeout on table metadata: mysql.procs_priv
SET DEFAULT ROLE r1 TO u2;
ERROR HY000: Lock wait timeout exceeded; try restarting transaction: Timeout on table metadata: mysql.procs_priv
ALTER USER u2 IDENTIFIED BY 'abcd';
ERROR HY000: Lock wait timeout exceeded; try restarting transaction: Timeout on table metadata: mysql.procs_priv
RENAME USER u2 TO u3;
ERROR HY000: Lock wait timeout exceeded; try restarting transaction: Timeout on table metadata: mysql.procs_priv
SET PASSWORD FOR u2 = 'abcd';
ERROR HY000: Lock wait timeout exceeded; try restarting transaction: Timeout on table metadata: mysql.procs_priv
REVOKE r1 FROM u2;
ERROR HY000: Lock wait timeout exceeded; try restarting transaction: Timeout on table metadata: mysql.procs_priv
REVOKE SELECT ON *.* FROM r1;
ERROR HY000: Lock wait timeout exceeded; try restarting transaction: Timeout on table metadata: mysql.procs_priv
DROP ROLE r1;
ERROR HY000: Lock wait timeout exceeded; try restarting transaction: Timeout on table metadata: mysql.procs_priv
DROP USER u2;
ERROR HY000: Lock wait timeout exceeded; try restarting transaction: Timeout on table metadata: mysql.procs_priv
connection conn_u1;
ROLLBACK;
connection conn_root_1;
CREATE USER u2;
CREATE ROLE r1;
GRANT SELECT ON *.* TO r1;
GRANT r1 TO u2;
SET DEFAULT ROLE r1 TO u2;
ALTER USER u2 IDENTIFIED BY 'abcd';
RENAME USER u2 TO u3;
RENAME USER u3 TO u2;
SET PASSWORD FOR u2 = 'abcd';
REVOKE r1 FROM u2;
REVOKE SELECT ON *.* FROM r1;
DROP ROLE r1;
DROP USER u2;
connection default;
disconnect conn_root_1;
disconnect conn_u1;
DROP USER u1;
CREATE USER u1 IDENTIFIED BY 'abcd';
GRANT SELECT, UPDATE ON *.* TO u1;
connect conn_u1, localhost, u1, abcd,,,;
SET @@autocommit=0;
connect conn_root_1, localhost, root,,,,;
SET @@lock_wait_timeout=1;
connection conn_u1;
SELECT COUNT(*) FROM mysql.proxies_priv WHERE user LIKE 'u1' FOR UPDATE;;
COUNT(*)
0
connection conn_root_1;
CREATE USER u2;
ERROR HY000: Lock wait timeout exceeded; try restarting transaction: Timeout on table metadata: mysql.proxies_priv
CREATE ROLE r1;
ERROR HY000: Lock wait timeout exceeded; try restarting transaction: Timeout on table metadata: mysql.proxies_priv
GRANT SELECT ON *.* TO r1;
ERROR HY000: Lock wait timeout exceeded; try restarting transaction: Timeout on table metadata: mysql.proxies_priv
GRANT r1 TO u2;
ERROR HY000: Lock wait timeout exceeded; try restarting transaction: Timeout on table metadata: mysql.proxies_priv
SET DEFAULT ROLE r1 TO u2;
ERROR HY000: Lock wait timeout exceeded; try restarting transaction: Timeout on table metadata: mysql.proxies_priv
ALTER USER u2 IDENTIFIED BY 'abcd';
ERROR HY000: Lock wait timeout exceeded; try restarting transaction: Timeout on table metadata: mysql.proxies_priv
RENAME USER u2 TO u3;
ERROR HY000: Lock wait timeout exceeded; try restarting transaction: Timeout on table metadata: mysql.proxies_priv
SET PASSWORD FOR u2 = 'abcd';
ERROR HY000: Lock wait timeout exceeded; try restarting transaction: Timeout on table metadata: mysql.proxies_priv
REVOKE r1 FROM u2;
ERROR HY000: Lock wait timeout exceeded; try restarting transaction: Timeout on table metadata: mysql.proxies_priv
REVOKE SELECT ON *.* FROM r1;
ERROR HY000: Lock wait timeout exceeded; try restarting transaction: Timeout on table metadata: mysql.proxies_priv
DROP ROLE r1;
ERROR HY000: Lock wait timeout exceeded; try restarting transaction: Timeout on table metadata: mysql.proxies_priv
DROP USER u2;
ERROR HY000: Lock wait timeout exceeded; try restarting transaction: Timeout on table metadata: mysql.proxies_priv
connection conn_u1;
ROLLBACK;
connection conn_root_1;
CREATE USER u2;
CREATE ROLE r1;
GRANT SELECT ON *.* TO r1;
GRANT r1 TO u2;
SET DEFAULT ROLE r1 TO u2;
ALTER USER u2 IDENTIFIED BY 'abcd';
RENAME USER u2 TO u3;
RENAME USER u3 TO u2;
SET PASSWORD FOR u2 = 'abcd';
REVOKE r1 FROM u2;
REVOKE SELECT ON *.* FROM r1;
DROP ROLE r1;
DROP USER u2;
connection default;
disconnect conn_root_1;
disconnect conn_u1;
DROP USER u1;
# -----------------------------------------------------------------------
# Cleanup
# Restore initial values
SET @@global.transaction_isolation = @global_start_value;
SELECT @@global.transaction_isolation;
@@global.transaction_isolation
REPEATABLE-READ
SET @@session.transaction_isolation = @session_start_value;
SELECT @@session.transaction_isolation;
@@session.transaction_isolation
REPEATABLE-READ
