use test;
CREATE TABLE t1 (
a int not null auto_increment,
b int not null,
c int not null,
d varchar(100),
e varchar(200),
primary key (a, b, c),
key c_idx (c)
);
SELECT COUNT(*) INTO @numrows FROM t1;
SELECT @numrows;
@numrows
1024
DUMP TABLE t1 INTO 't1dump' ;
affected rows: 1024
info: dump table complete: 1024 rows, 8 chunks
CREATE TABLE t1load AS SELECT * FROM t1 LIMIT 0;
SELECT COUNT(*) FROM t1load;
COUNT(*)
1024
DROP TABLE t1load;
DUMP TABLE t1 INTO 't1dump' WITH ( THREADS = 1 );
affected rows: 1024
info: dump table complete: 1024 rows, 8 chunks
CREATE TABLE t1load AS SELECT * FROM t1 LIMIT 0;
SELECT COUNT(*) FROM t1load;
COUNT(*)
1024
DROP TABLE t1load;
DUMP TABLE t1 INTO 't1dump' WITH ( THREADS = 2 );
affected rows: 1024
info: dump table complete: 1024 rows, 8 chunks
CREATE TABLE t1load AS SELECT * FROM t1 LIMIT 0;
SELECT COUNT(*) FROM t1load;
COUNT(*)
1024
DROP TABLE t1load;
DUMP TABLE t1 INTO 't1dump' WITH ( THREADS = 4 );
affected rows: 1024
info: dump table complete: 1024 rows, 8 chunks
CREATE TABLE t1load AS SELECT * FROM t1 LIMIT 0;
SELECT COUNT(*) FROM t1load;
COUNT(*)
1024
DROP TABLE t1load;
DUMP TABLE t1 INTO 't1dump' WITH ( THREADS = 8 );
affected rows: 1024
info: dump table complete: 1024 rows, 8 chunks
CREATE TABLE t1load AS SELECT * FROM t1 LIMIT 0;
SELECT COUNT(*) FROM t1load;
COUNT(*)
1024
DROP TABLE t1load;
DUMP TABLE t1 INTO 't1dump' WITH ( THREADS = 2, CHUNK_SIZE = 5 ROWS );
affected rows: 1024
info: dump table complete: 1024 rows, 205 chunks
CREATE TABLE t1load AS SELECT * FROM t1 LIMIT 0;
SELECT COUNT(*) FROM t1load;
COUNT(*)
1024
DROP TABLE t1load;
DUMP TABLE t1 INTO 't1dump' WITH ( THREADS = 2, CHUNK_SIZE = 50 ROWS );
affected rows: 1024
info: dump table complete: 1024 rows, 21 chunks
CREATE TABLE t1load AS SELECT * FROM t1 LIMIT 0;
SELECT COUNT(*) FROM t1load;
COUNT(*)
1024
DROP TABLE t1load;
DUMP TABLE t1 INTO 't1dump' WITH ( THREADS = 2, CHUNK_SIZE = 2000 ROWS );
affected rows: 1024
info: dump table complete: 1024 rows, 1 chunks
CREATE TABLE t1load AS SELECT * FROM t1 LIMIT 0;
SELECT COUNT(*) FROM t1load;
COUNT(*)
1024
DROP TABLE t1load;
DUMP TABLE t1 INTO 't1dump' WITH ( THREADS = -10 );
ERROR 42000: You have an error in your SQL syntax; check the manual that corresponds to your MySQL server version for the right syntax to use near '-10 )' at line 1
DUMP TABLE t1 INTO 't1dump' WITH ( THREADS = 'abc' );
ERROR 42000: You have an error in your SQL syntax; check the manual that corresponds to your MySQL server version for the right syntax to use near ''abc' )' at line 1
DUMP TABLE t1 INTO 't1dump' WITH ( THREADS = 0 );
ERROR HY000: Incorrect arguments to THREADS
DROP TABLE t1;
